"Guid","AL_Text_Rich_Custom_Any__c","AccountPicklist__c","AccountSource","AnnualRevenue","BillingCity","BillingCountry","BillingGeocodeAccuracy","BillingLatitude","BillingLongitude","BillingPostalCode","BillingState","BillingStreet","Contact_AL__c","Contact__c","Custom_text_F__c","Description","Fax","Industry","Jigsaw","Name","NumberOfEmployees","Number_Any__c","ParentId","Phone","Pick_Simple__c","Pick__c","SBQQ__AssetQuantitiesCombined__c","SBQQ__CoTermedContractsCombined__c","SBQQ__CoTerminationEvent__c","SBQQ__ContractCoTermination__c","SBQQ__IgnoreParentContractedPrices__c","SBQQ__PreserveBundle__c","SBQQ__PriceHoldEnd__c","SBQQ__RenewalModel__c","SBQQ__RenewalPricingMethod__c","SBQQ__TaxExempt__c","ShippingCity","ShippingCountry","ShippingGeocodeAccuracy","ShippingLatitude","ShippingLongitude","ShippingPostalCode","ShippingState","ShippingStreet","SicDesc","TestGeoLocation__Latitude__s","TestGeoLocation__Longitude__s","Test_Global_Picklist__c","Test_Multipicklist__c","Test_Picklist__c","TextFields2__c","Text_AL__c","Textfield__c","Type","Website"
01538a0b-6e78-480a-99d1-75b8f7288bd6,"#N/A",A,"#N/A","#N/A","#N/A","#N/A","#N/A","#N/A","#N/A","#N/A","#N/A","#N/A","#N/A","#N/A","#N/A","#N/A","#N/A","#N/A","#N/A",New 5,"#N/A","#N/A","#N/A","#N/A","#N/A","#N/A",false,false,"#N/A",Never,false,true,"#N/A","#N/A",Same,No,"#N/A","#N/A","#N/A","#N/A","#N/A","#N/A","#N/A","#N/A","#N/A","#N/A","#N/A",A,"#N/A","#N/A","#N/A","#N/A","#N/A","#N/A","#N/A"
018af67d-2d18-428c-8650-387b1b78fb40,"#N/A",A,"#N/A","#N/A","#N/A","#N/A","#N/A","#N/A","#N/A","#N/A","#N/A","#N/A","#N/A","#N/A","#N/A","#N/A","#N/A","#N/A","#N/A",6666,"#N/A","#N/A","#N/A","#N/A","#N/A","#N/A",false,false,"#N/A",Never,false,true,"#N/A","#N/A",Same,No,"#N/A","#N/A","#N/A","#N/A","#N/A","#N/A","#N/A","#N/A","#N/A","#N/A","#N/A",A,"#N/A","#N/A","#N/A","#N/A","#N/A","#N/A","#N/A"
01c70e94-85ba-4d61-82ca-8aa2e905369d,"#N/A",A,"#N/A","#N/A","#N/A","#N/A","#N/A","#N/A","#N/A","#N/A","#N/A","#N/A","#N/A","#N/A","#N/A","#N/A","#N/A","#N/A","#N/A",Account X,"#N/A","#N/A","#N/A","#N/A","#N/A","#N/A",false,false,"#N/A",Never,false,true,"#N/A","#N/A",Same,No,"#N/A","#N/A","#N/A","#N/A","#N/A","#N/A","#N/A","#N/A","#N/A","#N/A","#N/A",A,"#N/A","#N/A","#N/A","#N/A","#N/A","#N/A","#N/A"
02308270-b346-4a8b-a13f-18fddeb7fef9,"#N/A",A,"#N/A","#N/A","#N/A","#N/A","#N/A","#N/A","#N/A","#N/A","#N/A","#N/A","#N/A","#N/A","#N/A","#N/A","#N/A","#N/A","#N/A",New11111,"#N/A","#N/A","#N/A","#N/A","#N/A","#N/A",false,false,"#N/A",Never,false,true,"#N/A","#N/A",Same,No,"#N/A","#N/A","#N/A","#N/A","#N/A","#N/A","#N/A","#N/A","#N/A","#N/A","#N/A",A,"#N/A","#N/A","#N/A","#N/A","#N/A","#N/A","#N/A"
02511761-c37e-446f-bce6-c17b192b9128,"#N/A",A,"#N/A","#N/A","#N/A","#N/A","#N/A","#N/A","#N/A","#N/A","#N/A","#N/A","#N/A","#N/A","#N/A","#N/A","#N/A","#N/A","#N/A",New234,"#N/A","#N/A","#N/A","#N/A","#N/A","#N/A",false,false,"#N/A",Never,false,true,"#N/A","#N/A",Same,No,"#N/A","#N/A","#N/A","#N/A","#N/A","#N/A","#N/A","#N/A","#N/A","#N/A","#N/A",A,"#N/A","#N/A","#N/A","#N/A","#N/A","#N/A","#N/A"
0565bf18-1af2-454a-be59-afeb5d34940f,"#N/A",A,"#N/A","#N/A","#N/A","#N/A","#N/A","#N/A","#N/A","#N/A","#N/A","#N/A","#N/A","#N/A","#N/A","#N/A","#N/A","#N/A","#N/A",Account1,"#N/A","#N/A","#N/A","#N/A","#N/A","#N/A",false,false,"#N/A",Never,false,true,"#N/A","#N/A",Same,No,"#N/A","#N/A","#N/A","#N/A","#N/A","#N/A","#N/A","#N/A","#N/A","#N/A","#N/A",A,"#N/A","#N/A","#N/A","#N/A","#N/A","#N/A","#N/A"
086fe3f2-5f03-47d5-af84-c636dffa5c2b,"#N/A",A,"#N/A","#N/A","#N/A","#N/A","#N/A","#N/A","#N/A","#N/A","#N/A","#N/A","#N/A","#N/A","#N/A","#N/A","#N/A","#N/A","#N/A",Account update,"#N/A","#N/A","#N/A","#N/A","#N/A","#N/A",false,false,"#N/A",Never,false,true,"#N/A","#N/A",Same,No,"#N/A","#N/A","#N/A","#N/A","#N/A","#N/A","#N/A","#N/A","#N/A","#N/A","#N/A",A,"#N/A","#N/A","#N/A","#N/A",Account 2,"#N/A","#N/A"
0a83f7ec-4568-4d61-a0c8-1f6108e17c75,"#N/A",A,"#N/A","#N/A","#N/A","#N/A","#N/A","#N/A","#N/A","#N/A","#N/A","#N/A","#N/A","#N/A","#N/A","#N/A","#N/A","#N/A","#N/A",22222,"#N/A","#N/A","#N/A","#N/A","#N/A","#N/A",false,false,"#N/A",Never,false,true,"#N/A","#N/A",Same,No,"#N/A","#N/A","#N/A","#N/A","#N/A","#N/A","#N/A","#N/A","#N/A","#N/A","#N/A",A,"#N/A","#N/A","#N/A","#N/A","#N/A","#N/A","#N/A"
0aef9b14-1f70-464c-ba10-e13d0297254c,"#N/A",A,"#N/A","#N/A","#N/A","#N/A","#N/A","#N/A","#N/A","#N/A","#N/A","#N/A","#N/A","#N/A","#N/A","#N/A","#N/A","#N/A","#N/A",New 4,"#N/A","#N/A","#N/A","#N/A","#N/A","#N/A",false,false,"#N/A",Never,false,true,"#N/A","#N/A",Same,No,"#N/A","#N/A","#N/A","#N/A","#N/A","#N/A","#N/A","#N/A","#N/A","#N/A","#N/A",A,"#N/A","#N/A","#N/A","#N/A","#N/A","#N/A","#N/A"
0b3c05fc-a79c-430f-be1f-6d84959c467c,"#N/A",A,"#N/A","#N/A","#N/A","#N/A","#N/A","#N/A","#N/A","#N/A","#N/A","#N/A","#N/A","#N/A","#N/A","#N/A","#N/A","#N/A","#N/A",New234,"#N/A","#N/A","#N/A","#N/A","#N/A","#N/A",false,false,"#N/A",Never,false,true,"#N/A","#N/A",Same,No,"#N/A","#N/A","#N/A","#N/A","#N/A","#N/A","#N/A","#N/A","#N/A","#N/A","#N/A",A,"#N/A","#N/A","#N/A","#N/A","#N/A","#N/A","#N/A"
0b7c73f4-f3eb-4a76-bbe7-911efff5d857,"#N/A",A,"#N/A","#N/A","#N/A","#N/A","#N/A","#N/A","#N/A","#N/A","#N/A","#N/A","#N/A","#N/A","#N/A","#N/A","#N/A","#N/A","#N/A",Account1,"#N/A","#N/A","#N/A","#N/A","#N/A","#N/A",false,false,"#N/A",Never,false,true,"#N/A","#N/A",Same,No,"#N/A","#N/A","#N/A","#N/A","#N/A","#N/A","#N/A","#N/A","#N/A","#N/A","#N/A",A,"#N/A","#N/A","#N/A","#N/A","#N/A","#N/A","#N/A"
0ba83d86-4892-40e1-99d2-ab0f91f6900e,"#N/A",A,"#N/A","#N/A","#N/A","#N/A","#N/A","#N/A","#N/A","#N/A","#N/A","#N/A","#N/A","#N/A","#N/A","#N/A","#N/A","#N/A","#N/A",123456678,"#N/A","#N/A","#N/A","#N/A","#N/A","#N/A",false,false,"#N/A","#N/A",false,false,"#N/A","#N/A","#N/A","#N/A","#N/A","#N/A","#N/A","#N/A","#N/A","#N/A","#N/A","#N/A","#N/A","#N/A","#N/A",A,"#N/A","#N/A","#N/A","#N/A","#N/A","#N/A","#N/A"
0c46963e-04b8-4571-b8a9-93189af76f7a,"#N/A",A,"#N/A","#N/A","#N/A","#N/A","#N/A","#N/A","#N/A","#N/A","#N/A","#N/A","#N/A","#N/A","#N/A","#N/A","#N/A","#N/A","#N/A",123,"#N/A","#N/A","#N/A","#N/A","#N/A","#N/A",false,false,"#N/A",Never,false,true,"#N/A","#N/A",Same,No,"#N/A","#N/A","#N/A","#N/A","#N/A","#N/A","#N/A","#N/A","#N/A","#N/A","#N/A",A,"#N/A","#N/A","#N/A","#N/A","#N/A","#N/A","#N/A"
0df76e1d-0ad1-4922-af39-867d1ccfa207,"#N/A",A,"#N/A","#N/A","#N/A","#N/A","#N/A","#N/A","#N/A","#N/A","#N/A","#N/A","#N/A","#N/A","#N/A","#N/A","#N/A","#N/A","#N/A",22222,"#N/A","#N/A","#N/A","#N/A","#N/A","#N/A",false,false,"#N/A",Never,false,true,"#N/A","#N/A",Same,No,"#N/A","#N/A","#N/A","#N/A","#N/A","#N/A","#N/A","#N/A","#N/A","#N/A","#N/A",A,"#N/A","#N/A","#N/A","#N/A","#N/A","#N/A","#N/A"
0f07c0ef-450a-49de-bf8b-ed84187df6fe,"#N/A",A,"#N/A","#N/A","#N/A","#N/A","#N/A","#N/A","#N/A","#N/A","#N/A","#N/A","#N/A","#N/A","#N/A",hi,"#N/A","#N/A","#N/A",Test account new1,"#N/A","#N/A","#N/A","#N/A","#N/A","#N/A",false,false,"#N/A",Never,false,true,"#N/A","#N/A",Same,No,"#N/A","#N/A","#N/A","#N/A","#N/A","#N/A","#N/A","#N/A","#N/A","#N/A","#N/A",A,"#N/A","#N/A",Test pvt ltd,"#N/A","#N/A","#N/A","#N/A"
123e85ae-6334-4080-abb8-aa4c5e03b659,"#N/A",A,"#N/A","#N/A","#N/A","#N/A","#N/A","#N/A","#N/A","#N/A","#N/A","#N/A","#N/A","#N/A","#N/A","#N/A","#N/A","#N/A","#N/A",New11111,"#N/A","#N/A","#N/A","#N/A","#N/A","#N/A",false,false,"#N/A",Never,false,true,"#N/A","#N/A",Same,No,"#N/A","#N/A","#N/A","#N/A","#N/A","#N/A","#N/A","#N/A","#N/A","#N/A","#N/A",A,"#N/A","#N/A","#N/A","#N/A","#N/A","#N/A","#N/A"
1261bcad-fdd6-4476-9139-5dd34fd63fe5,"#N/A",A,"#N/A","#N/A","#N/A","#N/A","#N/A","#N/A","#N/A","#N/A","#N/A","#N/A","#N/A","#N/A","#N/A","#N/A","#N/A","#N/A","#N/A",123,"#N/A","#N/A","#N/A","#N/A","#N/A","#N/A",false,false,"#N/A",Never,false,true,"#N/A","#N/A",Same,No,"#N/A","#N/A","#N/A","#N/A","#N/A","#N/A","#N/A","#N/A","#N/A","#N/A","#N/A",A,"#N/A","#N/A","#N/A","#N/A","#N/A","#N/A","#N/A"
14153f1f-e5bf-470e-bdef-611c9453aedf,"#N/A",A,"#N/A","#N/A","#N/A","#N/A","#N/A","#N/A","#N/A","#N/A","#N/A","#N/A","#N/A","#N/A","#N/A","#N/A","#N/A","#N/A","#N/A",guid5555,"#N/A","#N/A","#N/A","#N/A","#N/A","#N/A",false,false,"#N/A","#N/A",false,false,"#N/A","#N/A","#N/A","#N/A","#N/A","#N/A","#N/A","#N/A","#N/A","#N/A","#N/A","#N/A","#N/A","#N/A","#N/A",A,"#N/A","#N/A","#N/A","#N/A","#N/A","#N/A","#N/A"
169afc62-57c6-438c-8343-73430323c91f,"#N/A",A,"#N/A","#N/A","#N/A","#N/A","#N/A","#N/A","#N/A","#N/A","#N/A","#N/A","#N/A","#N/A","#N/A","#N/A","#N/A","#N/A","#N/A",New1,"#N/A","#N/A","#N/A","#N/A","#N/A","#N/A",false,false,"#N/A",Never,false,true,"#N/A","#N/A",Same,No,"#N/A","#N/A","#N/A","#N/A","#N/A","#N/A","#N/A","#N/A","#N/A","#N/A","#N/A",A,"#N/A","#N/A","#N/A","#N/A","#N/A","#N/A","#N/A"
16b169d9-0d82-4084-a5ac-4c0f8ab86caf,"#N/A",A,"#N/A","#N/A","#N/A","#N/A","#N/A","#N/A","#N/A","#N/A","#N/A","#N/A","#N/A","#N/A","#N/A","#N/A","#N/A","#N/A","#N/A",Account 3,"#N/A","#N/A","#N/A","#N/A","#N/A","#N/A",false,false,"#N/A",Never,false,true,"#N/A","#N/A",Same,No,"#N/A","#N/A","#N/A","#N/A","#N/A","#N/A","#N/A","#N/A","#N/A","#N/A","#N/A",A,"#N/A","#N/A","#N/A","#N/A","#N/A","#N/A","#N/A"
17e6a1f7-ecea-475b-b728-ba45189fe2cf,"#N/A",A,"#N/A","#N/A","#N/A","#N/A","#N/A","#N/A","#N/A","#N/A","#N/A","#N/A","#N/A","#N/A","#N/A","#N/A","#N/A","#N/A","#N/A",New11111,"#N/A","#N/A","#N/A","#N/A","#N/A","#N/A",false,false,"#N/A",Never,false,true,"#N/A","#N/A",Same,No,"#N/A","#N/A","#N/A","#N/A","#N/A","#N/A","#N/A","#N/A","#N/A","#N/A","#N/A",A,"#N/A","#N/A","#N/A","#N/A","#N/A","#N/A","#N/A"
19d13c4f-9ed2-4d7a-985f-30bd6d47e17b,"#N/A",A,"#N/A","#N/A","#N/A","#N/A","#N/A","#N/A","#N/A","#N/A","#N/A","#N/A","#N/A","#N/A","#N/A","#N/A","#N/A","#N/A","#N/A",Account update,"#N/A","#N/A","#N/A","#N/A","#N/A","#N/A",false,false,"#N/A",Never,false,true,"#N/A","#N/A",Same,No,"#N/A","#N/A","#N/A","#N/A","#N/A","#N/A","#N/A","#N/A","#N/A","#N/A","#N/A",A,"#N/A","#N/A","#N/A","#N/A",Account 2,"#N/A","#N/A"
1aa68911-f8fa-4002-8559-062b37fe1ba0,"#N/A",A,"#N/A","#N/A","#N/A","#N/A","#N/A","#N/A","#N/A","#N/A","#N/A","#N/A","#N/A","#N/A","#N/A","#N/A","#N/A","#N/A","#N/A",New234,"#N/A","#N/A","#N/A","#N/A","#N/A","#N/A",false,false,"#N/A",Never,false,true,"#N/A","#N/A",Same,No,"#N/A","#N/A","#N/A","#N/A","#N/A","#N/A","#N/A","#N/A","#N/A","#N/A","#N/A",A,"#N/A","#N/A","#N/A","#N/A","#N/A","#N/A","#N/A"
1c521db3-089f-4b3b-86f6-d29925166eca,"#N/A",A,"#N/A","#N/A","#N/A","#N/A","#N/A","#N/A","#N/A","#N/A","#N/A","#N/A","#N/A","#N/A","#N/A","#N/A","#N/A","#N/A","#N/A",guid1,"#N/A","#N/A","#N/A","#N/A","#N/A","#N/A",false,false,"#N/A","#N/A",false,false,"#N/A","#N/A","#N/A","#N/A","#N/A","#N/A","#N/A","#N/A","#N/A","#N/A","#N/A","#N/A","#N/A","#N/A","#N/A",A,"#N/A","#N/A","#N/A","#N/A","#N/A","#N/A","#N/A"
1d328fbd-74ba-45ae-8009-e20f1046d34b,"#N/A",A,"#N/A","#N/A","#N/A","#N/A","#N/A","#N/A","#N/A","#N/A","#N/A","#N/A","#N/A","#N/A","#N/A","#N/A","#N/A","#N/A","#N/A",new new,"#N/A","#N/A","#N/A","#N/A","#N/A","#N/A",false,false,"#N/A",Never,false,true,"#N/A","#N/A",Same,No,"#N/A","#N/A","#N/A","#N/A","#N/A","#N/A","#N/A","#N/A","#N/A","#N/A","#N/A",A,"#N/A","#N/A","#N/A","#N/A","#N/A","#N/A","#N/A"
1ffc7de7-50ff-41d8-8768-ade5d5ccb69c,"#N/A",A,"#N/A","#N/A","#N/A","#N/A","#N/A","#N/A","#N/A","#N/A","#N/A","#N/A","#N/A","#N/A","#N/A","#N/A","#N/A","#N/A","#N/A",77777,"#N/A","#N/A","#N/A","#N/A","#N/A","#N/A",false,false,"#N/A",Never,false,true,"#N/A","#N/A",Same,No,"#N/A","#N/A","#N/A","#N/A","#N/A","#N/A","#N/A","#N/A","#N/A","#N/A","#N/A",A,"#N/A","#N/A","#N/A","#N/A","#N/A","#N/A","#N/A"
203797a5-6537-46c2-aaad-636697bdb5cd,"#N/A",A,"#N/A","#N/A","#N/A","#N/A","#N/A","#N/A","#N/A","#N/A","#N/A","#N/A","#N/A","#N/A","#N/A","#N/A","#N/A","#N/A","#N/A",New1,"#N/A","#N/A","#N/A","#N/A","#N/A","#N/A",false,false,"#N/A",Never,false,true,"#N/A","#N/A",Same,No,"#N/A","#N/A","#N/A","#N/A","#N/A","#N/A","#N/A","#N/A","#N/A","#N/A","#N/A",A,"#N/A","#N/A","#N/A","#N/A","#N/A","#N/A","#N/A"
25d1d284-287d-44d8-a171-180461cdcb53,"#N/A",A,"#N/A","#N/A","#N/A","#N/A","#N/A","#N/A","#N/A","#N/A","#N/A","#N/A","#N/A","#N/A","#N/A","#N/A","#N/A","#N/A","#N/A",guid2,"#N/A","#N/A","#N/A",guid2,"#N/A","#N/A",false,false,"#N/A","#N/A",false,false,"#N/A","#N/A","#N/A","#N/A","#N/A","#N/A","#N/A","#N/A","#N/A","#N/A","#N/A","#N/A","#N/A","#N/A","#N/A",A,"#N/A","#N/A","#N/A","#N/A","#N/A","#N/A","#N/A"
26cf3ad0-ef76-4e7c-b1f8-dc6e1b82b54c,"#N/A",A,"#N/A","#N/A","#N/A","#N/A","#N/A","#N/A","#N/A","#N/A","#N/A","#N/A","#N/A","#N/A","#N/A","#N/A","#N/A","#N/A","#N/A",Account Y,"#N/A","#N/A","#N/A","#N/A","#N/A","#N/A",false,false,"#N/A",Never,false,true,"#N/A","#N/A",Same,No,"#N/A","#N/A","#N/A","#N/A","#N/A","#N/A","#N/A","#N/A","#N/A","#N/A","#N/A",A,"#N/A","#N/A","#N/A","#N/A","#N/A","#N/A","#N/A"
29bde16e-0eed-4bf1-bbdc-80b681fa1251,"#N/A",A,"#N/A","#N/A","#N/A","#N/A","#N/A","#N/A","#N/A","#N/A","#N/A","#N/A","#N/A","#N/A","#N/A","#N/A","#N/A","#N/A","#N/A",Account 5,"#N/A","#N/A","#N/A","#N/A","#N/A","#N/A",false,false,"#N/A",Never,false,true,"#N/A","#N/A",Same,No,"#N/A","#N/A","#N/A","#N/A","#N/A","#N/A","#N/A","#N/A","#N/A","#N/A","#N/A",A,"#N/A","#N/A","#N/A","#N/A","#N/A","#N/A","#N/A"
2cbe305e-e0bd-41c1-a33b-66e2ccea6a1d,"#N/A",A,"#N/A","#N/A","#N/A","#N/A","#N/A","#N/A","#N/A","#N/A","#N/A","#N/A","#N/A","#N/A","#N/A","#N/A","#N/A","#N/A","#N/A",6666,"#N/A","#N/A","#N/A","#N/A","#N/A","#N/A",false,false,"#N/A",Never,false,true,"#N/A","#N/A",Same,No,"#N/A","#N/A","#N/A","#N/A","#N/A","#N/A","#N/A","#N/A","#N/A","#N/A","#N/A",A,"#N/A","#N/A","#N/A","#N/A","#N/A","#N/A","#N/A"
2e16a64a-4ee5-4815-a596-762b98a9b73c,"#N/A",A,"#N/A","#N/A","#N/A","#N/A","#N/A","#N/A","#N/A","#N/A","#N/A","#N/A","#N/A","#N/A","#N/A","#N/A","#N/A","#N/A","#N/A",Account 3,"#N/A","#N/A","#N/A","#N/A","#N/A","#N/A",false,false,"#N/A",Never,false,true,"#N/A","#N/A",Same,No,"#N/A","#N/A","#N/A","#N/A","#N/A","#N/A","#N/A","#N/A","#N/A","#N/A","#N/A",A,"#N/A","#N/A","#N/A","#N/A","#N/A","#N/A","#N/A"
305b84a0-76b3-4838-8c7c-b187ca8c0cc7,"#N/A",A,"#N/A","#N/A","#N/A","#N/A","#N/A","#N/A","#N/A","#N/A","#N/A","#N/A","#N/A","#N/A","#N/A","#N/A","#N/A","#N/A","#N/A",new new,"#N/A","#N/A","#N/A","#N/A","#N/A","#N/A",false,false,"#N/A",Never,false,true,"#N/A","#N/A",Same,No,"#N/A","#N/A","#N/A","#N/A","#N/A","#N/A","#N/A","#N/A","#N/A","#N/A","#N/A",A,"#N/A","#N/A","#N/A","#N/A","#N/A","#N/A","#N/A"
30a59a04-713d-4f1b-8b1e-880f77df144c,"#N/A",A,"#N/A","#N/A","#N/A","#N/A","#N/A","#N/A","#N/A","#N/A","#N/A","#N/A","#N/A","#N/A","#N/A","#N/A","#N/A","#N/A","#N/A",New2222,"#N/A","#N/A","#N/A","#N/A","#N/A","#N/A",false,false,"#N/A",Never,false,true,"#N/A","#N/A",Same,No,"#N/A","#N/A","#N/A","#N/A","#N/A","#N/A","#N/A","#N/A","#N/A","#N/A","#N/A",A,"#N/A","#N/A","#N/A","#N/A","#N/A","#N/A","#N/A"
334f8010-183d-4b57-aa5a-055cec9db847,"#N/A",A,"#N/A","#N/A","#N/A","#N/A","#N/A","#N/A","#N/A","#N/A","#N/A","#N/A","#N/A","#N/A","#N/A","#N/A","#N/A","#N/A","#N/A",6666,"#N/A","#N/A","#N/A","#N/A","#N/A","#N/A",false,false,"#N/A",Never,false,true,"#N/A","#N/A",Same,No,"#N/A","#N/A","#N/A","#N/A","#N/A","#N/A","#N/A","#N/A","#N/A","#N/A","#N/A",A,"#N/A","#N/A","#N/A","#N/A","#N/A","#N/A","#N/A"
34e4ff40-3250-4a82-8f41-442ab346a4ad,"#N/A",A,"#N/A","#N/A","#N/A","#N/A","#N/A","#N/A","#N/A","#N/A","#N/A","#N/A","#N/A","#N/A","#N/A","#N/A","#N/A","#N/A","#N/A",new new,"#N/A","#N/A","#N/A","#N/A","#N/A","#N/A",false,false,"#N/A",Never,false,true,"#N/A","#N/A",Same,No,"#N/A","#N/A","#N/A","#N/A","#N/A","#N/A","#N/A","#N/A","#N/A","#N/A","#N/A",A,"#N/A","#N/A","#N/A","#N/A","#N/A","#N/A","#N/A"
3503f0b1-2652-4f79-923a-157045849534,"#N/A",A,"#N/A","#N/A","#N/A","#N/A","#N/A","#N/A","#N/A","#N/A","#N/A","#N/A","#N/A","#N/A","#N/A","#N/A","#N/A","#N/A","#N/A",Account X,"#N/A","#N/A","#N/A","#N/A","#N/A","#N/A",false,false,"#N/A",Never,false,true,"#N/A","#N/A",Same,No,"#N/A","#N/A","#N/A","#N/A","#N/A","#N/A","#N/A","#N/A","#N/A","#N/A","#N/A",A,"#N/A","#N/A","#N/A","#N/A","#N/A","#N/A","#N/A"
369fbc36-5715-4132-bf79-9ab15fa20b55,"#N/A",A,"#N/A","#N/A","#N/A","#N/A","#N/A","#N/A","#N/A","#N/A","#N/A","#N/A","#N/A","#N/A","#N/A","#N/A","#N/A","#N/A","#N/A",Account2,"#N/A","#N/A","#N/A","#N/A","#N/A","#N/A",false,false,"#N/A",Never,false,true,"#N/A","#N/A",Same,No,"#N/A","#N/A","#N/A","#N/A","#N/A","#N/A","#N/A","#N/A","#N/A","#N/A","#N/A",A,"#N/A","#N/A","#N/A","#N/A","#N/A","#N/A","#N/A"
3792335f-bed6-489e-a086-948583c14325,"#N/A",A,"#N/A","#N/A","#N/A","#N/A","#N/A","#N/A","#N/A","#N/A","#N/A","#N/A","#N/A","#N/A","#N/A","#N/A","#N/A","#N/A","#N/A",123,"#N/A","#N/A","#N/A","#N/A","#N/A","#N/A",false,false,"#N/A",Never,false,true,"#N/A","#N/A",Same,No,"#N/A","#N/A","#N/A","#N/A","#N/A","#N/A","#N/A","#N/A","#N/A","#N/A","#N/A",A,"#N/A","#N/A","#N/A","#N/A","#N/A","#N/A","#N/A"
3937007a-4eb8-41a2-8616-9d0f805e2f02,"#N/A",A,"#N/A","#N/A","#N/A","#N/A","#N/A","#N/A","#N/A","#N/A","#N/A","#N/A","#N/A","#N/A","#N/A",hi,"#N/A","#N/A","#N/A",Test account new1,"#N/A","#N/A","#N/A","#N/A","#N/A","#N/A",false,false,"#N/A",Never,false,true,"#N/A","#N/A",Same,No,"#N/A","#N/A","#N/A","#N/A","#N/A","#N/A","#N/A","#N/A","#N/A","#N/A","#N/A",A,"#N/A","#N/A",Test pvt ltd,"#N/A","#N/A","#N/A","#N/A"
3bf56709-d3c9-415e-9429-5a17719b57d5,"#N/A",A,"#N/A","#N/A","#N/A","#N/A","#N/A","#N/A","#N/A","#N/A","#N/A","#N/A","#N/A","#N/A","#N/A","#N/A","#N/A","#N/A","#N/A",New2222,"#N/A","#N/A","#N/A","#N/A","#N/A","#N/A",false,false,"#N/A",Never,false,true,"#N/A","#N/A",Same,No,"#N/A","#N/A","#N/A","#N/A","#N/A","#N/A","#N/A","#N/A","#N/A","#N/A","#N/A",A,"#N/A","#N/A","#N/A","#N/A","#N/A","#N/A","#N/A"
3d8bc997-59ef-4488-bf98-81dc012a1527,"#N/A",A,"#N/A","#N/A","#N/A","#N/A","#N/A","#N/A","#N/A","#N/A","#N/A","#N/A","#N/A","#N/A","#N/A","#N/A","#N/A","#N/A","#N/A",Account2,"#N/A","#N/A","#N/A","#N/A","#N/A","#N/A",false,false,"#N/A",Never,false,true,"#N/A","#N/A",Same,No,"#N/A","#N/A","#N/A","#N/A","#N/A","#N/A","#N/A","#N/A","#N/A","#N/A","#N/A",A,"#N/A","#N/A","#N/A","#N/A","#N/A","#N/A","#N/A"
3f6b83f7-0fea-481f-b8fb-b0e2c6391cc9,"#N/A",A,"#N/A","#N/A","#N/A","#N/A","#N/A","#N/A","#N/A","#N/A","#N/A","#N/A","#N/A","#N/A","#N/A","#N/A","#N/A","#N/A","#N/A",New2222,"#N/A","#N/A","#N/A","#N/A","#N/A","#N/A",false,false,"#N/A",Never,false,true,"#N/A","#N/A",Same,No,"#N/A","#N/A","#N/A","#N/A","#N/A","#N/A","#N/A","#N/A","#N/A","#N/A","#N/A",A,"#N/A","#N/A","#N/A","#N/A","#N/A","#N/A","#N/A"
43a37029-aaf7-43cd-ad80-6a69cf61b184,"#N/A",A,"#N/A","#N/A","#N/A","#N/A","#N/A","#N/A","#N/A","#N/A","#N/A","#N/A","#N/A","#N/A","#N/A",hi,"#N/A","#N/A","#N/A",Test account new1,"#N/A","#N/A","#N/A","#N/A","#N/A","#N/A",false,false,"#N/A",Never,false,true,"#N/A","#N/A",Same,No,"#N/A","#N/A","#N/A","#N/A","#N/A","#N/A","#N/A","#N/A","#N/A","#N/A","#N/A",A,"#N/A","#N/A",Test pvt ltd,"#N/A","#N/A","#N/A","#N/A"
45a4615d-fe33-4441-885d-1af555895aab,"#N/A",A,"#N/A","#N/A","#N/A","#N/A","#N/A","#N/A","#N/A","#N/A","#N/A","#N/A","#N/A","#N/A","#N/A","#N/A","#N/A","#N/A","#N/A",22222,"#N/A","#N/A","#N/A","#N/A","#N/A","#N/A",false,false,"#N/A",Never,false,true,"#N/A","#N/A",Same,No,"#N/A","#N/A","#N/A","#N/A","#N/A","#N/A","#N/A","#N/A","#N/A","#N/A","#N/A",A,"#N/A","#N/A","#N/A","#N/A","#N/A","#N/A","#N/A"
45cd9885-7ec1-4b0a-b00a-e3f12fb19c01,"#N/A",A,"#N/A","#N/A","#N/A","#N/A","#N/A","#N/A","#N/A","#N/A","#N/A","#N/A","#N/A","#N/A","#N/A","#N/A","#N/A","#N/A","#N/A",New333,"#N/A","#N/A","#N/A","#N/A","#N/A","#N/A",false,false,"#N/A",Never,false,true,"#N/A","#N/A",Same,No,"#N/A","#N/A","#N/A","#N/A","#N/A","#N/A","#N/A","#N/A","#N/A","#N/A","#N/A",A,"#N/A","#N/A","#N/A","#N/A","#N/A","#N/A","#N/A"
47b1be48-a800-4e12-9ea1-6b77ac556fdc,"#N/A",A,"#N/A","#N/A","#N/A","#N/A","#N/A","#N/A","#N/A","#N/A","#N/A","#N/A","#N/A","#N/A","#N/A","#N/A","#N/A","#N/A","#N/A",Account Y,"#N/A","#N/A","#N/A","#N/A","#N/A","#N/A",false,false,"#N/A",Never,false,true,"#N/A","#N/A",Same,No,"#N/A","#N/A","#N/A","#N/A","#N/A","#N/A","#N/A","#N/A","#N/A","#N/A","#N/A",A,"#N/A","#N/A","#N/A","#N/A","#N/A","#N/A","#N/A"
52af4d09-cff2-45b3-a9c6-bed46da015e1,"#N/A",A,"#N/A","#N/A","#N/A","#N/A","#N/A","#N/A","#N/A","#N/A","#N/A","#N/A","#N/A","#N/A","#N/A","#N/A","#N/A","#N/A","#N/A",Account 3,"#N/A","#N/A","#N/A","#N/A","#N/A","#N/A",false,false,"#N/A",Never,false,true,"#N/A","#N/A",Same,No,"#N/A","#N/A","#N/A","#N/A","#N/A","#N/A","#N/A","#N/A","#N/A","#N/A","#N/A",A,"#N/A","#N/A","#N/A","#N/A","#N/A","#N/A","#N/A"
58d1bf9b-47be-42f6-891d-bc89d9a5cd8e,"#N/A",A,"#N/A","#N/A","#N/A","#N/A","#N/A","#N/A","#N/A","#N/A","#N/A","#N/A","#N/A","#N/A","#N/A","#N/A","#N/A","#N/A","#N/A",Guid4,"#N/A","#N/A","#N/A","#N/A","#N/A","#N/A",false,false,"#N/A","#N/A",false,false,"#N/A","#N/A","#N/A","#N/A","#N/A","#N/A","#N/A","#N/A","#N/A","#N/A","#N/A","#N/A","#N/A","#N/A","#N/A",A,"#N/A","#N/A","#N/A","#N/A","#N/A","#N/A","#N/A"
5e2329ba-6732-45fb-aa18-d6b80ce33e71,"#N/A",A,"#N/A","#N/A","#N/A","#N/A","#N/A","#N/A","#N/A","#N/A","#N/A","#N/A","#N/A","#N/A","#N/A","#N/A","#N/A","#N/A","#N/A",New333,"#N/A","#N/A","#N/A","#N/A","#N/A","#N/A",false,false,"#N/A",Never,false,true,"#N/A","#N/A",Same,No,"#N/A","#N/A","#N/A","#N/A","#N/A","#N/A","#N/A","#N/A","#N/A","#N/A","#N/A",A,"#N/A","#N/A","#N/A","#N/A","#N/A","#N/A","#N/A"
5ecd6c5a-202c-4f0d-b02d-b49959b8ba66,"#N/A",A,"#N/A","#N/A","#N/A","#N/A","#N/A","#N/A","#N/A","#N/A","#N/A","#N/A","#N/A","#N/A","#N/A","#N/A","#N/A","#N/A","#N/A",Account Y,"#N/A","#N/A","#N/A","#N/A","#N/A","#N/A",false,false,"#N/A",Never,false,true,"#N/A","#N/A",Same,No,"#N/A","#N/A","#N/A","#N/A","#N/A","#N/A","#N/A","#N/A","#N/A","#N/A","#N/A",A,"#N/A","#N/A","#N/A","#N/A","#N/A","#N/A","#N/A"
5f7916d0-2d43-460c-85a0-ecf510ab6fb1,"#N/A",A,"#N/A","#N/A","#N/A","#N/A","#N/A","#N/A","#N/A","#N/A","#N/A","#N/A","#N/A","#N/A","#N/A","#N/A","#N/A","#N/A","#N/A",123,"#N/A","#N/A","#N/A","#N/A","#N/A","#N/A",false,false,"#N/A",Never,false,true,"#N/A","#N/A",Same,No,"#N/A","#N/A","#N/A","#N/A","#N/A","#N/A","#N/A","#N/A","#N/A","#N/A","#N/A",A,"#N/A","#N/A","#N/A","#N/A","#N/A","#N/A","#N/A"
6305f3c0-3a61-459e-a1c2-11dec290f05e,"#N/A",A,"#N/A","#N/A","#N/A","#N/A","#N/A","#N/A","#N/A","#N/A","#N/A","#N/A","#N/A","#N/A","#N/A","#N/A","#N/A","#N/A","#N/A",77777,"#N/A","#N/A","#N/A","#N/A","#N/A","#N/A",false,false,"#N/A",Never,false,true,"#N/A","#N/A",Same,No,"#N/A","#N/A","#N/A","#N/A","#N/A","#N/A","#N/A","#N/A","#N/A","#N/A","#N/A",A,"#N/A","#N/A","#N/A","#N/A","#N/A","#N/A","#N/A"
63f9ab37-a083-4320-baf8-6668407dc07e,"#N/A",A,"#N/A","#N/A","#N/A","#N/A","#N/A","#N/A","#N/A","#N/A","#N/A","#N/A","#N/A","#N/A","#N/A","#N/A","#N/A","#N/A","#N/A",New 5,"#N/A","#N/A","#N/A","#N/A","#N/A","#N/A",false,false,"#N/A",Never,false,true,"#N/A","#N/A",Same,No,"#N/A","#N/A","#N/A","#N/A","#N/A","#N/A","#N/A","#N/A","#N/A","#N/A","#N/A",A,"#N/A","#N/A","#N/A","#N/A","#N/A","#N/A","#N/A"
699dd6db-6bc7-4bfa-acc2-009fcbbd3d94,"#N/A",A,"#N/A","#N/A","#N/A","#N/A","#N/A","#N/A","#N/A","#N/A","#N/A","#N/A","#N/A","#N/A","#N/A","#N/A","#N/A","#N/A","#N/A",New234,"#N/A","#N/A","#N/A","#N/A","#N/A","#N/A",false,false,"#N/A",Never,false,true,"#N/A","#N/A",Same,No,"#N/A","#N/A","#N/A","#N/A","#N/A","#N/A","#N/A","#N/A","#N/A","#N/A","#N/A",A,"#N/A","#N/A","#N/A","#N/A","#N/A","#N/A","#N/A"
69cd689f-0ccc-4567-a9e9-b46ccefd75ca,"#N/A",A,"#N/A","#N/A","#N/A","#N/A","#N/A","#N/A","#N/A","#N/A","#N/A","#N/A","#N/A","#N/A","#N/A","#N/A","#N/A","#N/A","#N/A",1,"#N/A","#N/A","#N/A","#N/A","#N/A","#N/A",false,false,"#N/A",Never,false,true,"#N/A","#N/A",Same,No,"#N/A","#N/A","#N/A","#N/A","#N/A","#N/A","#N/A","#N/A","#N/A","#N/A","#N/A",A,"#N/A","#N/A","#N/A","#N/A","#N/A","#N/A","#N/A"
6b8b2e31-5c86-4a43-9dd4-819176582941,"#N/A",A,"#N/A","#N/A","#N/A","#N/A","#N/A","#N/A","#N/A","#N/A","#N/A","#N/A","#N/A","#N/A","#N/A","#N/A","#N/A","#N/A","#N/A",2,"#N/A","#N/A","#N/A","#N/A","#N/A","#N/A",false,false,"#N/A",Never,false,true,"#N/A","#N/A",Same,No,"#N/A","#N/A","#N/A","#N/A","#N/A","#N/A","#N/A","#N/A","#N/A","#N/A","#N/A",A,"#N/A","#N/A","#N/A","#N/A","#N/A","#N/A","#N/A"
6bf6d51b-7673-40f4-bf87-2a360c6af786,"#N/A",A,"#N/A","#N/A","#N/A","#N/A","#N/A","#N/A","#N/A","#N/A","#N/A","#N/A","#N/A","#N/A","#N/A","#N/A","#N/A","#N/A","#N/A",new new,"#N/A","#N/A","#N/A","#N/A","#N/A","#N/A",false,false,"#N/A",Never,false,true,"#N/A","#N/A",Same,No,"#N/A","#N/A","#N/A","#N/A","#N/A","#N/A","#N/A","#N/A","#N/A","#N/A","#N/A",A,"#N/A","#N/A","#N/A","#N/A","#N/A","#N/A","#N/A"
6f6db3d9-6a7b-4238-a27a-e1c8a104131d,"#N/A",A,"#N/A","#N/A",Toronto,Canada,"#N/A","#N/A","#N/A",L4B 1Y3,Ontario,150 Chestnut Street,"#N/A","#N/A","#N/A","GBM is the worldwide leader in technology news and information on the Web and the producer of the longest-running and farthest-reaching television shows about technology. GBM's network of sites combines breakthrough interactive technology with engaging content and design and is consistently ranked as the Internet's leading content network in terms of both audience size and revenue, serving millions of users each day. The company's television programming is broadcast by the USA Network and the Sci-Fi Channel to more than 70 million households and is syndicated to broadcast television stations in the nation's top 120 markets, including the top 10 markets.","#N/A",Media,"#N/A",Global Media,14668,"#N/A","#N/A",(905) 555-1212,"#N/A","#N/A",false,false,"#N/A","#N/A",false,false,"#N/A","#N/A","#N/A","#N/A",Toronto,Canada,"#N/A","#N/A","#N/A",L4B 1Y3,Ontario,150 Chestnut Street,"#N/A","#N/A","#N/A",A,"#N/A","#N/A","#N/A","#N/A","#N/A",Prospect,"#N/A"
71948da1-4c39-4f30-ae74-827837adb69c,"#N/A",A,"#N/A","#N/A","#N/A","#N/A","#N/A","#N/A","#N/A","#N/A","#N/A","#N/A","#N/A","#N/A","#N/A","#N/A","#N/A","#N/A","#N/A",New1,"#N/A","#N/A","#N/A","#N/A","#N/A","#N/A",false,false,"#N/A",Never,false,true,"#N/A","#N/A",Same,No,"#N/A","#N/A","#N/A","#N/A","#N/A","#N/A","#N/A","#N/A","#N/A","#N/A","#N/A",A,"#N/A","#N/A","#N/A","#N/A","#N/A","#N/A","#N/A"
7d7c6e3a-91d8-4d14-82a6-4d1f63d3de8d,"#N/A",A,"#N/A","#N/A","#N/A","#N/A","#N/A","#N/A","#N/A","#N/A","#N/A","#N/A","#N/A","#N/A","#N/A","#N/A","#N/A","#N/A","#N/A",1,"#N/A","#N/A","#N/A","#N/A","#N/A","#N/A",false,false,"#N/A",Never,false,true,"#N/A","#N/A",Same,No,"#N/A","#N/A","#N/A","#N/A","#N/A","#N/A","#N/A","#N/A","#N/A","#N/A","#N/A",A,"#N/A","#N/A","#N/A","#N/A","#N/A","#N/A","#N/A"
7e9eb223-62a6-4598-9faf-f1e9a602df1b,"#N/A",A,"#N/A","#N/A","#N/A","#N/A","#N/A","#N/A","#N/A","#N/A","#N/A","#N/A","#N/A","#N/A","#N/A","#N/A","#N/A","#N/A","#N/A",Account X,"#N/A","#N/A","#N/A","#N/A","#N/A","#N/A",false,false,"#N/A",Never,false,true,"#N/A","#N/A",Same,No,"#N/A","#N/A","#N/A","#N/A","#N/A","#N/A","#N/A","#N/A","#N/A","#N/A","#N/A",A,"#N/A","#N/A","#N/A","#N/A","#N/A","#N/A","#N/A"
829dc650-0d2a-4b12-a0db-8ddaeb7610ab,"#N/A",A,"#N/A","#N/A","#N/A","#N/A","#N/A","#N/A","#N/A","#N/A","#N/A","#N/A","#N/A","#N/A","#N/A","#N/A","#N/A","#N/A","#N/A",Account2,"#N/A","#N/A","#N/A","#N/A","#N/A","#N/A",false,false,"#N/A",Never,false,true,"#N/A","#N/A",Same,No,"#N/A","#N/A","#N/A","#N/A","#N/A","#N/A","#N/A","#N/A","#N/A","#N/A","#N/A",A,"#N/A","#N/A","#N/A","#N/A","#N/A","#N/A","#N/A"
8359bfea-ee51-4b12-83b4-ae9b3ae9c99f,"#N/A",A,"#N/A","#N/A","#N/A","#N/A","#N/A","#N/A","#N/A","#N/A","#N/A","#N/A","#N/A","#N/A","#N/A","#N/A","#N/A","#N/A","#N/A",123,"#N/A","#N/A","#N/A","#N/A","#N/A","#N/A",false,false,"#N/A",Never,false,true,"#N/A","#N/A",Same,No,"#N/A","#N/A","#N/A","#N/A","#N/A","#N/A","#N/A","#N/A","#N/A","#N/A","#N/A",A,"#N/A","#N/A","#N/A","#N/A","#N/A","#N/A","#N/A"
83c17e98-a58e-43c1-86c0-107b8ea546b6,"#N/A",A,"#N/A","#N/A","#N/A","#N/A","#N/A","#N/A","#N/A","#N/A","#N/A","#N/A","#N/A","#N/A","#N/A","#N/A","#N/A","#N/A","#N/A",Account1,"#N/A","#N/A","#N/A","#N/A","#N/A","#N/A",false,false,"#N/A",Never,false,true,"#N/A","#N/A",Same,No,"#N/A","#N/A","#N/A","#N/A","#N/A","#N/A","#N/A","#N/A","#N/A","#N/A","#N/A",A,"#N/A","#N/A","#N/A","#N/A","#N/A","#N/A","#N/A"
8464367f-e483-412a-91d1-c7c4b2c92afc,"#N/A",A,"#N/A","#N/A","#N/A","#N/A","#N/A","#N/A","#N/A","#N/A","#N/A","#N/A","#N/A","#N/A","#N/A","#N/A","#N/A","#N/A","#N/A",77777,"#N/A","#N/A","#N/A","#N/A","#N/A","#N/A",false,false,"#N/A",Never,false,true,"#N/A","#N/A",Same,No,"#N/A","#N/A","#N/A","#N/A","#N/A","#N/A","#N/A","#N/A","#N/A","#N/A","#N/A",A,"#N/A","#N/A","#N/A","#N/A","#N/A","#N/A","#N/A"
86e52d14-ff69-431c-a3e8-944b2e2068f0,"#N/A",A,"#N/A","#N/A","#N/A","#N/A","#N/A","#N/A","#N/A","#N/A","#N/A","#N/A","#N/A","#N/A","#N/A","#N/A","#N/A","#N/A","#N/A",New Acc,"#N/A","#N/A","#N/A","#N/A","#N/A","#N/A",false,false,"#N/A",Never,false,true,"#N/A","#N/A",Same,No,"#N/A","#N/A","#N/A","#N/A","#N/A","#N/A","#N/A","#N/A","#N/A","#N/A","#N/A",A,"#N/A","#N/A","#N/A","#N/A","#N/A","#N/A","#N/A"
86ff911b-e4e1-4f64-bb32-27fc7f0898fa,"#N/A",A,"#N/A","#N/A","#N/A","#N/A","#N/A","#N/A","#N/A","#N/A","#N/A","#N/A","#N/A","#N/A","#N/A","#N/A","#N/A","#N/A","#N/A",New333,"#N/A","#N/A","#N/A","#N/A","#N/A","#N/A",false,false,"#N/A",Never,false,true,"#N/A","#N/A",Same,No,"#N/A","#N/A","#N/A","#N/A","#N/A","#N/A","#N/A","#N/A","#N/A","#N/A","#N/A",A,"#N/A","#N/A","#N/A","#N/A","#N/A","#N/A","#N/A"
87397bbf-4203-4076-9af3-94bcd9947320,"#N/A",A,"#N/A","#N/A","#N/A","#N/A","#N/A","#N/A","#N/A","#N/A","#N/A","#N/A","#N/A","#N/A","#N/A","#N/A","#N/A","#N/A","#N/A",6666,"#N/A","#N/A","#N/A","#N/A","#N/A","#N/A",false,false,"#N/A",Never,false,true,"#N/A","#N/A",Same,No,"#N/A","#N/A","#N/A","#N/A","#N/A","#N/A","#N/A","#N/A","#N/A","#N/A","#N/A",A,"#N/A","#N/A","#N/A","#N/A","#N/A","#N/A","#N/A"
8955def0-a33f-4405-b4a3-a8d779b34df8,"#N/A",A,"#N/A","#N/A","#N/A","#N/A","#N/A","#N/A","#N/A","#N/A","#N/A","#N/A","#N/A","#N/A","#N/A","#N/A","#N/A","#N/A","#N/A",Account update,"#N/A","#N/A","#N/A","#N/A","#N/A","#N/A",false,false,"#N/A",Never,false,true,"#N/A","#N/A",Same,No,"#N/A","#N/A","#N/A","#N/A","#N/A","#N/A","#N/A","#N/A","#N/A","#N/A","#N/A",A,"#N/A","#N/A","#N/A","#N/A",Account 2,"#N/A","#N/A"
8bf3cd3f-b1f1-4ad1-914a-12b624504d18,"#N/A",A,"#N/A","#N/A","#N/A","#N/A","#N/A","#N/A","#N/A","#N/A","#N/A","#N/A","#N/A","#N/A","#N/A","#N/A","#N/A","#N/A","#N/A",2,"#N/A","#N/A","#N/A","#N/A","#N/A","#N/A",false,false,"#N/A",Never,false,true,"#N/A","#N/A",Same,No,"#N/A","#N/A","#N/A","#N/A","#N/A","#N/A","#N/A","#N/A","#N/A","#N/A","#N/A",A,"#N/A","#N/A","#N/A","#N/A","#N/A","#N/A","#N/A"
8cf19d0e-bb18-4237-a1da-e4a4ba47c6ab,"#N/A",A,"#N/A","#N/A","#N/A","#N/A","#N/A","#N/A","#N/A","#N/A","#N/A","#N/A","#N/A","#N/A","#N/A","#N/A","#N/A","#N/A","#N/A",Account Y,"#N/A","#N/A","#N/A","#N/A","#N/A","#N/A",false,false,"#N/A",Never,false,true,"#N/A","#N/A",Same,No,"#N/A","#N/A","#N/A","#N/A","#N/A","#N/A","#N/A","#N/A","#N/A","#N/A","#N/A",A,"#N/A","#N/A","#N/A","#N/A","#N/A","#N/A","#N/A"
8dabc337-5a38-42c8-aa76-6f795e223eb7,"#N/A",A,"#N/A","#N/A","#N/A","#N/A","#N/A","#N/A","#N/A","#N/A","#N/A","#N/A","#N/A","#N/A","#N/A","#N/A","#N/A","#N/A","#N/A",Account2,"#N/A","#N/A","#N/A","#N/A","#N/A","#N/A",false,false,"#N/A",Never,false,true,"#N/A","#N/A",Same,No,"#N/A","#N/A","#N/A","#N/A","#N/A","#N/A","#N/A","#N/A","#N/A","#N/A","#N/A",A,"#N/A","#N/A","#N/A","#N/A","#N/A","#N/A","#N/A"
91c6c5bd-bd4b-4c49-ac8a-7e5d8c5cd781,"#N/A",A,"#N/A","#N/A","#N/A","#N/A","#N/A","#N/A","#N/A","#N/A","#N/A","#N/A","#N/A","#N/A","#N/A","#N/A","#N/A","#N/A","#N/A",77777,"#N/A","#N/A","#N/A","#N/A","#N/A","#N/A",false,false,"#N/A",Never,false,true,"#N/A","#N/A",Same,No,"#N/A","#N/A","#N/A","#N/A","#N/A","#N/A","#N/A","#N/A","#N/A","#N/A","#N/A",A,"#N/A","#N/A","#N/A","#N/A","#N/A","#N/A","#N/A"
91d5f40a-d205-4510-a1eb-da2b47c9650b,"#N/A",A,"#N/A","#N/A","#N/A","#N/A","#N/A","#N/A","#N/A","#N/A","#N/A","#N/A","#N/A","#N/A","#N/A","#N/A","#N/A","#N/A","#N/A",New 4,"#N/A","#N/A","#N/A","#N/A","#N/A","#N/A",false,false,"#N/A",Never,false,true,"#N/A","#N/A",Same,No,"#N/A","#N/A","#N/A","#N/A","#N/A","#N/A","#N/A","#N/A","#N/A","#N/A","#N/A",A,"#N/A","#N/A","#N/A","#N/A","#N/A","#N/A","#N/A"
92d1adaa-da26-45ed-8f9c-167291171093,"#N/A",A,"#N/A","#N/A","#N/A","#N/A","#N/A","#N/A","#N/A","#N/A","#N/A","#N/A","#N/A","#N/A","#N/A","#N/A","#N/A","#N/A","#N/A",Account update,"#N/A","#N/A","#N/A","#N/A","#N/A","#N/A",false,false,"#N/A",Never,false,true,"#N/A","#N/A",Same,No,"#N/A","#N/A","#N/A","#N/A","#N/A","#N/A","#N/A","#N/A","#N/A","#N/A","#N/A",A,"#N/A","#N/A","#N/A","#N/A",Account 2,"#N/A","#N/A"
932308f1-2fec-494d-a0e9-1db20fc02220,"#N/A",A,"#N/A","#N/A","#N/A","#N/A","#N/A","#N/A","#N/A","#N/A","#N/A","#N/A","#N/A","#N/A","#N/A",hi,"#N/A","#N/A","#N/A",Test account new1,"#N/A","#N/A","#N/A","#N/A","#N/A","#N/A",false,false,"#N/A",Never,false,true,"#N/A","#N/A",Same,No,"#N/A","#N/A","#N/A","#N/A","#N/A","#N/A","#N/A","#N/A","#N/A","#N/A","#N/A",A,"#N/A","#N/A",Test pvt ltd,"#N/A","#N/A","#N/A","#N/A"
936ea916-c1e9-49f5-80d1-680eebd4d688,"#N/A",A,"#N/A","#N/A","#N/A","#N/A","#N/A","#N/A","#N/A","#N/A","#N/A","#N/A","#N/A","#N/A","#N/A",hi,"#N/A","#N/A","#N/A",Test account new1,"#N/A","#N/A","#N/A","#N/A","#N/A","#N/A",false,false,"#N/A",Never,false,true,"#N/A","#N/A",Same,No,"#N/A","#N/A","#N/A","#N/A","#N/A","#N/A","#N/A","#N/A","#N/A","#N/A","#N/A",A,"#N/A","#N/A",Test pvt ltd,"#N/A","#N/A","#N/A","#N/A"
937ea285-dde3-4f40-9766-f2de0cef63ab,"#N/A",A,"#N/A","#N/A","#N/A","#N/A","#N/A","#N/A","#N/A","#N/A","#N/A","#N/A","#N/A","#N/A","#N/A","#N/A","#N/A","#N/A","#N/A",6666,"#N/A","#N/A","#N/A","#N/A","#N/A","#N/A",false,false,"#N/A",Never,false,true,"#N/A","#N/A",Same,No,"#N/A","#N/A","#N/A","#N/A","#N/A","#N/A","#N/A","#N/A","#N/A","#N/A","#N/A",A,"#N/A","#N/A","#N/A","#N/A","#N/A","#N/A","#N/A"
950f8565-0fef-4c9a-a3a5-6238f233436b,"#N/A",A,"#N/A","#N/A","#N/A","#N/A","#N/A","#N/A","#N/A","#N/A","#N/A","#N/A","#N/A","#N/A","#N/A","#N/A","#N/A","#N/A","#N/A",77777,"#N/A","#N/A","#N/A","#N/A","#N/A","#N/A",false,false,"#N/A",Never,false,true,"#N/A","#N/A",Same,No,"#N/A","#N/A","#N/A","#N/A","#N/A","#N/A","#N/A","#N/A","#N/A","#N/A","#N/A",A,"#N/A","#N/A","#N/A","#N/A","#N/A","#N/A","#N/A"
9598ecba-dda6-42d2-b604-e20260207b5e,"#N/A",A,"#N/A","#N/A","#N/A","#N/A","#N/A","#N/A","#N/A","#N/A","#N/A","#N/A","#N/A","#N/A","#N/A","#N/A","#N/A","#N/A","#N/A",Account1,"#N/A","#N/A","#N/A","#N/A","#N/A","#N/A",false,false,"#N/A",Never,false,true,"#N/A","#N/A",Same,No,"#N/A","#N/A","#N/A","#N/A","#N/A","#N/A","#N/A","#N/A","#N/A","#N/A","#N/A",A,"#N/A","#N/A","#N/A","#N/A","#N/A","#N/A","#N/A"
959dfcaa-de77-4b39-be9d-79379a8cbecd,"#N/A",A,"#N/A","#N/A","#N/A","#N/A","#N/A","#N/A","#N/A","#N/A","#N/A","#N/A","#N/A","#N/A","#N/A","#N/A","#N/A","#N/A","#N/A",22222,"#N/A","#N/A","#N/A","#N/A","#N/A","#N/A",false,false,"#N/A",Never,false,true,"#N/A","#N/A",Same,No,"#N/A","#N/A","#N/A","#N/A","#N/A","#N/A","#N/A","#N/A","#N/A","#N/A","#N/A",A,"#N/A","#N/A","#N/A","#N/A","#N/A","#N/A","#N/A"
9697eb09-23c7-49d0-89f8-e20fe30f436e,"#N/A",A,"#N/A","#N/A","#N/A","#N/A","#N/A","#N/A","#N/A","#N/A","#N/A","#N/A","#N/A","#N/A","#N/A","#N/A","#N/A","#N/A","#N/A",Account1,"#N/A","#N/A","#N/A","#N/A","#N/A","#N/A",false,false,"#N/A",Never,false,true,"#N/A","#N/A",Same,No,"#N/A","#N/A","#N/A","#N/A","#N/A","#N/A","#N/A","#N/A","#N/A","#N/A","#N/A",A,"#N/A","#N/A","#N/A","#N/A","#N/A","#N/A","#N/A"
975552ae-0895-4aa8-a412-299e816ec479,"#N/A",A,"#N/A","#N/A","#N/A","#N/A","#N/A","#N/A","#N/A","#N/A","#N/A","#N/A","#N/A","#N/A","#N/A","#N/A","#N/A","#N/A","#N/A",Account 5,"#N/A","#N/A","#N/A","#N/A","#N/A","#N/A",false,false,"#N/A",Never,false,true,"#N/A","#N/A",Same,No,"#N/A","#N/A","#N/A","#N/A","#N/A","#N/A","#N/A","#N/A","#N/A","#N/A","#N/A",A,"#N/A","#N/A","#N/A","#N/A","#N/A","#N/A","#N/A"
9a039984-62cb-4fed-bee1-970b4f6130ed,"#N/A",A,"#N/A","#N/A","#N/A","#N/A","#N/A","#N/A","#N/A","#N/A","#N/A","#N/A","#N/A","#N/A","#N/A","#N/A","#N/A","#N/A","#N/A",Account 5,"#N/A","#N/A","#N/A","#N/A","#N/A","#N/A",false,false,"#N/A",Never,false,true,"#N/A","#N/A",Same,No,"#N/A","#N/A","#N/A","#N/A","#N/A","#N/A","#N/A","#N/A","#N/A","#N/A","#N/A",A,"#N/A","#N/A","#N/A","#N/A","#N/A","#N/A","#N/A"
9adb72b2-fa1b-4573-ad96-a622b956909b,"#N/A",A,"#N/A","#N/A","#N/A","#N/A","#N/A","#N/A","#N/A","#N/A","#N/A","#N/A","#N/A","#N/A","#N/A","#N/A","#N/A","#N/A","#N/A",6666,"#N/A","#N/A","#N/A","#N/A","#N/A","#N/A",false,false,"#N/A",Never,false,true,"#N/A","#N/A",Same,No,"#N/A","#N/A","#N/A","#N/A","#N/A","#N/A","#N/A","#N/A","#N/A","#N/A","#N/A",A,"#N/A","#N/A","#N/A","#N/A","#N/A","#N/A","#N/A"
9afd54f5-0d2f-4094-9143-e026782e9f47,"#N/A",A,"#N/A","#N/A","#N/A","#N/A","#N/A","#N/A","#N/A","#N/A","#N/A","#N/A","#N/A","#N/A","#N/A","#N/A","#N/A","#N/A","#N/A",New333,"#N/A","#N/A","#N/A","#N/A","#N/A","#N/A",false,false,"#N/A",Never,false,true,"#N/A","#N/A",Same,No,"#N/A","#N/A","#N/A","#N/A","#N/A","#N/A","#N/A","#N/A","#N/A","#N/A","#N/A",A,"#N/A","#N/A","#N/A","#N/A","#N/A","#N/A","#N/A"
9ce42544-11a2-488b-91ce-cfe6ebb46b73,"#N/A",A,"#N/A","#N/A","#N/A","#N/A","#N/A","#N/A","#N/A","#N/A","#N/A","#N/A","#N/A","#N/A","#N/A","#N/A","#N/A","#N/A","#N/A",Account2,"#N/A","#N/A","#N/A","#N/A","#N/A","#N/A",false,false,"#N/A",Never,false,true,"#N/A","#N/A",Same,No,"#N/A","#N/A","#N/A","#N/A","#N/A","#N/A","#N/A","#N/A","#N/A","#N/A","#N/A",A,"#N/A","#N/A","#N/A","#N/A","#N/A","#N/A","#N/A"
9ead8046-ff21-48fe-b5c6-2e746928db71,"#N/A",A,"#N/A","#N/A","#N/A","#N/A","#N/A","#N/A","#N/A","#N/A","#N/A","#N/A","#N/A","#N/A","#N/A","#N/A","#N/A","#N/A","#N/A",22222,"#N/A","#N/A","#N/A","#N/A","#N/A","#N/A",false,false,"#N/A",Never,false,true,"#N/A","#N/A",Same,No,"#N/A","#N/A","#N/A","#N/A","#N/A","#N/A","#N/A","#N/A","#N/A","#N/A","#N/A",A,"#N/A","#N/A","#N/A","#N/A","#N/A","#N/A","#N/A"
9fae2f77-e868-4d0d-80f1-db9038992c7a,"#N/A",A,"#N/A","#N/A","#N/A","#N/A","#N/A","#N/A","#N/A","#N/A","#N/A","#N/A","#N/A","#N/A","#N/A","#N/A","#N/A","#N/A","#N/A",6666,"#N/A","#N/A","#N/A","#N/A","#N/A","#N/A",false,false,"#N/A",Never,false,true,"#N/A","#N/A",Same,No,"#N/A","#N/A","#N/A","#N/A","#N/A","#N/A","#N/A","#N/A","#N/A","#N/A","#N/A",A,"#N/A","#N/A","#N/A","#N/A","#N/A","#N/A","#N/A"
a2869a1e-8a93-41a7-bd8b-8dbfd05fa48d,"#N/A",A,"#N/A","#N/A","#N/A","#N/A","#N/A","#N/A","#N/A","#N/A","#N/A","#N/A","#N/A","#N/A","#N/A","#N/A","#N/A","#N/A","#N/A",Account2,"#N/A","#N/A","#N/A","#N/A","#N/A","#N/A",false,false,"#N/A",Never,false,true,"#N/A","#N/A",Same,No,"#N/A","#N/A","#N/A","#N/A","#N/A","#N/A","#N/A","#N/A","#N/A","#N/A","#N/A",A,"#N/A","#N/A","#N/A","#N/A","#N/A","#N/A","#N/A"
a2af4d8a-d984-4d06-b673-9863f2aba4d1,"#N/A",A,"#N/A","#N/A","#N/A","#N/A","#N/A","#N/A","#N/A","#N/A","#N/A","#N/A","#N/A","#N/A","#N/A","#N/A","#N/A","#N/A","#N/A",Sample Account for Entitlements,"#N/A","#N/A","#N/A","#N/A","#N/A","#N/A",false,false,"#N/A","#N/A",false,false,"#N/A","#N/A","#N/A","#N/A","#N/A","#N/A","#N/A","#N/A","#N/A","#N/A","#N/A","#N/A","#N/A","#N/A","#N/A",A,"#N/A","#N/A","#N/A","#N/A","#N/A","#N/A","#N/A"
a31259fb-8d64-4335-a96d-2550c298ea83,"#N/A",A,"#N/A","#N/A",Toronto,Canada,"#N/A","#N/A","#N/A",L4B 1Y3,Ontario,150 Chestnut Street,"#N/A","#N/A","#N/A","GBM is the worldwide leader in technology news and information on the Web and the producer of the longest-running and farthest-reaching television shows about technology. GBM's network of sites combines breakthrough interactive technology with engaging content and design and is consistently ranked as the Internet's leading content network in terms of both audience size and revenue, serving millions of users each day. The company's television programming is broadcast by the USA Network and the Sci-Fi Channel to more than 70 million households and is syndicated to broadcast television stations in the nation's top 120 markets, including the top 10 markets.","#N/A",Media,"#N/A",Global Media,14668,"#N/A","#N/A",(905) 555-1212,"#N/A","#N/A",false,false,"#N/A","#N/A",false,false,"#N/A","#N/A","#N/A","#N/A",Toronto,Canada,"#N/A","#N/A","#N/A",L4B 1Y3,Ontario,150 Chestnut Street,"#N/A","#N/A","#N/A",A,"#N/A","#N/A","#N/A","#N/A","#N/A",Prospect,"#N/A"
a46a8b4b-8717-4c24-8234-610c0543a83f,"#N/A",A,"#N/A","#N/A","#N/A","#N/A","#N/A","#N/A","#N/A","#N/A","#N/A","#N/A","#N/A","#N/A","#N/A","#N/A","#N/A","#N/A","#N/A",Account Y,"#N/A","#N/A","#N/A","#N/A","#N/A","#N/A",false,false,"#N/A",Never,false,true,"#N/A","#N/A",Same,No,"#N/A","#N/A","#N/A","#N/A","#N/A","#N/A","#N/A","#N/A","#N/A","#N/A","#N/A",A,"#N/A","#N/A","#N/A","#N/A","#N/A","#N/A","#N/A"
a4901997-1968-4444-bb11-ed66f7312053,"#N/A",A,"#N/A","#N/A","#N/A","#N/A","#N/A","#N/A","#N/A","#N/A","#N/A","#N/A","#N/A","#N/A","#N/A","#N/A","#N/A","#N/A","#N/A",6666,"#N/A","#N/A","#N/A","#N/A","#N/A","#N/A",false,false,"#N/A",Never,false,true,"#N/A","#N/A",Same,No,"#N/A","#N/A","#N/A","#N/A","#N/A","#N/A","#N/A","#N/A","#N/A","#N/A","#N/A",A,"#N/A","#N/A","#N/A","#N/A","#N/A","#N/A","#N/A"
a6077dac-336e-45d0-aabd-ff05708167b2,"#N/A",A,"#N/A","#N/A","#N/A","#N/A","#N/A","#N/A","#N/A","#N/A","#N/A","#N/A","#N/A","#N/A","#N/A","#N/A","#N/A","#N/A","#N/A",6666,"#N/A","#N/A","#N/A","#N/A","#N/A","#N/A",false,false,"#N/A",Never,false,true,"#N/A","#N/A",Same,No,"#N/A","#N/A","#N/A","#N/A","#N/A","#N/A","#N/A","#N/A","#N/A","#N/A","#N/A",A,"#N/A","#N/A","#N/A","#N/A","#N/A","#N/A","#N/A"
a71db0e2-85ac-4514-b330-fde2c168b661,"#N/A",A,"#N/A","#N/A","#N/A","#N/A","#N/A","#N/A","#N/A","#N/A","#N/A","#N/A","#N/A","#N/A","#N/A","#N/A","#N/A","#N/A","#N/A",Account1,"#N/A","#N/A","#N/A","#N/A","#N/A","#N/A",false,false,"#N/A",Never,false,true,"#N/A","#N/A",Same,No,"#N/A","#N/A","#N/A","#N/A","#N/A","#N/A","#N/A","#N/A","#N/A","#N/A","#N/A",A,"#N/A","#N/A","#N/A","#N/A","#N/A","#N/A","#N/A"
a759356c-68bb-49ee-a782-b1099a437526,"#N/A",A,"#N/A","#N/A","#N/A","#N/A","#N/A","#N/A","#N/A","#N/A","#N/A","#N/A","#N/A","#N/A","#N/A","#N/A","#N/A","#N/A","#N/A",New 4,"#N/A","#N/A","#N/A","#N/A","#N/A","#N/A",false,false,"#N/A",Never,false,true,"#N/A","#N/A",Same,No,"#N/A","#N/A","#N/A","#N/A","#N/A","#N/A","#N/A","#N/A","#N/A","#N/A","#N/A",A,"#N/A","#N/A","#N/A","#N/A","#N/A","#N/A","#N/A"
aa6f5ccc-88d4-4130-a94f-8eab8cc35adf,"#N/A",A,"#N/A","#N/A","#N/A","#N/A","#N/A","#N/A","#N/A","#N/A","#N/A","#N/A","#N/A","#N/A","#N/A","#N/A","#N/A","#N/A","#N/A",Account 5,"#N/A","#N/A","#N/A","#N/A","#N/A","#N/A",false,false,"#N/A",Never,false,true,"#N/A","#N/A",Same,No,"#N/A","#N/A","#N/A","#N/A","#N/A","#N/A","#N/A","#N/A","#N/A","#N/A","#N/A",A,"#N/A","#N/A","#N/A","#N/A","#N/A","#N/A","#N/A"
ac2bac59-2a2b-4c34-b0da-42958bfa8a05,"#N/A",A,"#N/A","#N/A","#N/A","#N/A","#N/A","#N/A","#N/A","#N/A","#N/A","#N/A","#N/A","#N/A","#N/A","#N/A","#N/A","#N/A","#N/A",new1,"#N/A","#N/A","#N/A","#N/A","#N/A","#N/A",false,false,"#N/A","#N/A",false,false,"#N/A","#N/A","#N/A","#N/A","#N/A","#N/A","#N/A","#N/A","#N/A","#N/A","#N/A","#N/A","#N/A","#N/A","#N/A",A,"#N/A","#N/A","#N/A","#N/A","#N/A","#N/A","#N/A"
acbb040c-60eb-42a7-9bab-e339e81f32f6,"#N/A",A,"#N/A","#N/A","#N/A","#N/A","#N/A","#N/A","#N/A","#N/A","#N/A","#N/A","#N/A","#N/A","#N/A","#N/A","#N/A","#N/A","#N/A",123,"#N/A","#N/A","#N/A","#N/A","#N/A","#N/A",false,false,"#N/A",Never,false,true,"#N/A","#N/A",Same,No,"#N/A","#N/A","#N/A","#N/A","#N/A","#N/A","#N/A","#N/A","#N/A","#N/A","#N/A",A,"#N/A","#N/A","#N/A","#N/A","#N/A","#N/A","#N/A"
ad7d2bdd-dc5e-4fcb-b300-5e8ffaed571b,"#N/A",A,"#N/A","#N/A","#N/A","#N/A","#N/A","#N/A","#N/A","#N/A","#N/A","#N/A","#N/A","#N/A","#N/A","#N/A","#N/A","#N/A","#N/A",Account Y,"#N/A","#N/A","#N/A","#N/A","#N/A","#N/A",false,false,"#N/A",Never,false,true,"#N/A","#N/A",Same,No,"#N/A","#N/A","#N/A","#N/A","#N/A","#N/A","#N/A","#N/A","#N/A","#N/A","#N/A",A,"#N/A","#N/A","#N/A","#N/A","#N/A","#N/A","#N/A"
adc052bf-5f86-4829-9497-a36f4a49f133,"#N/A",A,"#N/A",1.0E8,New York,USA,"#N/A","#N/A","#N/A",31349,NY,10 Main Rd.,"#N/A","#N/A","#N/A","#N/A",(212) 555-5555,Manufacturing,"#N/A",Acme,680,"#N/A","#N/A",(212) 555-5555,"#N/A","#N/A",false,false,"#N/A","#N/A",false,false,"#N/A","#N/A","#N/A","#N/A",New York,USA,"#N/A","#N/A","#N/A",31349,NY,10 Main Rd.,"#N/A","#N/A","#N/A",A,"#N/A","#N/A","#N/A","#N/A","#N/A",Prospect,"#N/A"
aecd67b3-81c1-4a17-bdde-eb8ab0e90f7c,"#N/A",A,"#N/A","#N/A","#N/A","#N/A","#N/A","#N/A","#N/A","#N/A","#N/A","#N/A","#N/A","#N/A","#N/A","#N/A","#N/A","#N/A","#N/A",New2222,"#N/A","#N/A","#N/A","#N/A","#N/A","#N/A",false,false,"#N/A",Never,false,true,"#N/A","#N/A",Same,No,"#N/A","#N/A","#N/A","#N/A","#N/A","#N/A","#N/A","#N/A","#N/A","#N/A","#N/A",A,"#N/A","#N/A","#N/A","#N/A","#N/A","#N/A","#N/A"
b2e3402f-278e-415a-9758-a94296c4e5ad,"#N/A",A,"#N/A","#N/A","#N/A","#N/A","#N/A","#N/A","#N/A","#N/A","#N/A","#N/A","#N/A","#N/A","#N/A","#N/A","#N/A","#N/A","#N/A",Account1,"#N/A","#N/A","#N/A","#N/A","#N/A","#N/A",false,false,"#N/A",Never,false,true,"#N/A","#N/A",Same,No,"#N/A","#N/A","#N/A","#N/A","#N/A","#N/A","#N/A","#N/A","#N/A","#N/A","#N/A",A,"#N/A","#N/A","#N/A","#N/A","#N/A","#N/A","#N/A"
bb440d36-4a36-4541-92ac-cdba407ca0ae,"#N/A",A,"#N/A","#N/A","#N/A","#N/A","#N/A","#N/A","#N/A","#N/A","#N/A","#N/A","#N/A","#N/A","#N/A","#N/A","#N/A","#N/A","#N/A",22222,"#N/A","#N/A","#N/A","#N/A","#N/A","#N/A",false,false,"#N/A",Never,false,true,"#N/A","#N/A",Same,No,"#N/A","#N/A","#N/A","#N/A","#N/A","#N/A","#N/A","#N/A","#N/A","#N/A","#N/A",A,"#N/A","#N/A","#N/A","#N/A","#N/A","#N/A","#N/A"
bdc8469d-5729-420d-ab5f-d31875dfe464,"#N/A",A,"#N/A","#N/A","#N/A","#N/A","#N/A","#N/A","#N/A","#N/A","#N/A","#N/A","#N/A","#N/A","#N/A","#N/A","#N/A","#N/A","#N/A",77777,"#N/A","#N/A","#N/A","#N/A","#N/A","#N/A",false,false,"#N/A",Never,false,true,"#N/A","#N/A",Same,No,"#N/A","#N/A","#N/A","#N/A","#N/A","#N/A","#N/A","#N/A","#N/A","#N/A","#N/A",A,"#N/A","#N/A","#N/A","#N/A","#N/A","#N/A","#N/A"
bfef19c6-d0f0-4dd8-b216-8356be88e18a,"#N/A",A,"#N/A","#N/A","#N/A","#N/A","#N/A","#N/A","#N/A","#N/A","#N/A","#N/A","#N/A","#N/A","#N/A","#N/A","#N/A","#N/A","#N/A",2,"#N/A","#N/A","#N/A","#N/A","#N/A","#N/A",false,false,"#N/A",Never,false,true,"#N/A","#N/A",Same,No,"#N/A","#N/A","#N/A","#N/A","#N/A","#N/A","#N/A","#N/A","#N/A","#N/A","#N/A",A,"#N/A","#N/A","#N/A","#N/A","#N/A","#N/A","#N/A"
c073a1ce-a31d-4730-bbc3-645c4ef79742,"#N/A",A,"#N/A","#N/A","#N/A","#N/A","#N/A","#N/A","#N/A","#N/A","#N/A","#N/A","#N/A","#N/A","#N/A","#N/A","#N/A","#N/A","#N/A",22222,"#N/A","#N/A","#N/A","#N/A","#N/A","#N/A",false,false,"#N/A",Never,false,true,"#N/A","#N/A",Same,No,"#N/A","#N/A","#N/A","#N/A","#N/A","#N/A","#N/A","#N/A","#N/A","#N/A","#N/A",A,"#N/A","#N/A","#N/A","#N/A","#N/A","#N/A","#N/A"
c38166a3-404c-4e47-bc81-2a6031ac7359,"#N/A",A,"#N/A","#N/A","#N/A","#N/A","#N/A","#N/A","#N/A","#N/A","#N/A","#N/A","#N/A","#N/A","#N/A","#N/A","#N/A","#N/A","#N/A",Account update,"#N/A","#N/A","#N/A","#N/A","#N/A","#N/A",false,false,"#N/A",Never,false,true,"#N/A","#N/A",Same,No,"#N/A","#N/A","#N/A","#N/A","#N/A","#N/A","#N/A","#N/A","#N/A","#N/A","#N/A",A,"#N/A","#N/A","#N/A","#N/A",Account 2,"#N/A","#N/A"
c7899f37-f23f-4c51-8f41-f7ada890142d,"#N/A",A,"#N/A","#N/A","#N/A","#N/A","#N/A","#N/A","#N/A","#N/A","#N/A","#N/A","#N/A","#N/A","#N/A","#N/A","#N/A","#N/A","#N/A",Account Y,"#N/A","#N/A","#N/A","#N/A","#N/A","#N/A",false,false,"#N/A",Never,false,true,"#N/A","#N/A",Same,No,"#N/A","#N/A","#N/A","#N/A","#N/A","#N/A","#N/A","#N/A","#N/A","#N/A","#N/A",A,"#N/A","#N/A","#N/A","#N/A","#N/A","#N/A","#N/A"
c80ec004-34f2-4a47-8134-cfd1cc296481,"#N/A",A,"#N/A","#N/A","#N/A","#N/A","#N/A","#N/A","#N/A","#N/A","#N/A","#N/A","#N/A","#N/A","#N/A","#N/A","#N/A","#N/A","#N/A",guid6,"#N/A","#N/A","#N/A","#N/A","#N/A","#N/A",false,false,"#N/A","#N/A",false,false,"#N/A","#N/A","#N/A","#N/A","#N/A","#N/A","#N/A","#N/A","#N/A","#N/A","#N/A","#N/A","#N/A","#N/A","#N/A",A,"#N/A","#N/A","#N/A","#N/A","#N/A","#N/A","#N/A"
c911a857-0caf-4def-a305-53936c0b0608,"#N/A",A,"#N/A","#N/A","#N/A","#N/A","#N/A","#N/A","#N/A","#N/A","#N/A","#N/A","#N/A","#N/A","#N/A",hi,"#N/A","#N/A","#N/A",Test account new1,"#N/A","#N/A","#N/A","#N/A","#N/A","#N/A",false,false,"#N/A",Never,false,true,"#N/A","#N/A",Same,No,"#N/A","#N/A","#N/A","#N/A","#N/A","#N/A","#N/A","#N/A","#N/A","#N/A","#N/A",A,"#N/A","#N/A",Test pvt ltd,"#N/A","#N/A","#N/A","#N/A"
cd7d5ee1-5451-40c4-ae3e-e67b3c248a30,"#N/A",A,"#N/A","#N/A","#N/A","#N/A","#N/A","#N/A","#N/A","#N/A","#N/A","#N/A","#N/A","#N/A","#N/A","#N/A","#N/A","#N/A","#N/A",Account X,"#N/A","#N/A","#N/A","#N/A","#N/A","#N/A",false,false,"#N/A",Never,false,true,"#N/A","#N/A",Same,No,"#N/A","#N/A","#N/A","#N/A","#N/A","#N/A","#N/A","#N/A","#N/A","#N/A","#N/A",A,"#N/A","#N/A","#N/A","#N/A","#N/A","#N/A","#N/A"
ce25a0f5-489f-4746-a88a-83989ecf47dc,"#N/A",A,"#N/A","#N/A","#N/A","#N/A","#N/A","#N/A","#N/A","#N/A","#N/A","#N/A","#N/A","#N/A","#N/A","#N/A","#N/A","#N/A","#N/A",Account 3,"#N/A","#N/A","#N/A","#N/A","#N/A","#N/A",false,false,"#N/A",Never,false,true,"#N/A","#N/A",Same,No,"#N/A","#N/A","#N/A","#N/A","#N/A","#N/A","#N/A","#N/A","#N/A","#N/A","#N/A",A,"#N/A","#N/A","#N/A","#N/A","#N/A","#N/A","#N/A"
cee3da29-2cd9-47fb-adcc-e8b9bcf52cd9,"#N/A",A,"#N/A","#N/A","#N/A","#N/A","#N/A","#N/A","#N/A","#N/A","#N/A","#N/A","#N/A","#N/A","#N/A","#N/A","#N/A","#N/A","#N/A",Account 3,"#N/A","#N/A","#N/A","#N/A","#N/A","#N/A",false,false,"#N/A",Never,false,true,"#N/A","#N/A",Same,No,"#N/A","#N/A","#N/A","#N/A","#N/A","#N/A","#N/A","#N/A","#N/A","#N/A","#N/A",A,"#N/A","#N/A","#N/A","#N/A","#N/A","#N/A","#N/A"
d0076a16-7507-4c6f-9e9c-911c4e0240fe,"#N/A",A,"#N/A","#N/A","#N/A","#N/A","#N/A","#N/A","#N/A","#N/A","#N/A","#N/A","#N/A","#N/A","#N/A","#N/A","#N/A","#N/A","#N/A",New234,"#N/A","#N/A","#N/A","#N/A","#N/A","#N/A",false,false,"#N/A",Never,false,true,"#N/A","#N/A",Same,No,"#N/A","#N/A","#N/A","#N/A","#N/A","#N/A","#N/A","#N/A","#N/A","#N/A","#N/A",A,"#N/A","#N/A","#N/A","#N/A","#N/A","#N/A","#N/A"
d03dccc0-3d5d-446f-b3f0-bf5ff00a0bcb,"#N/A",A,"#N/A","#N/A","#N/A","#N/A","#N/A","#N/A","#N/A","#N/A","#N/A","#N/A","#N/A","#N/A","#N/A","#N/A","#N/A","#N/A","#N/A",Account 3,"#N/A","#N/A","#N/A","#N/A","#N/A","#N/A",false,false,"#N/A",Never,false,true,"#N/A","#N/A",Same,No,"#N/A","#N/A","#N/A","#N/A","#N/A","#N/A","#N/A","#N/A","#N/A","#N/A","#N/A",A,"#N/A","#N/A","#N/A","#N/A","#N/A","#N/A","#N/A"
d36bb476-0b6b-445a-9ff3-1a863e56c4af,"#N/A",A,"#N/A","#N/A","#N/A","#N/A","#N/A","#N/A","#N/A","#N/A","#N/A","#N/A","#N/A","#N/A","#N/A","#N/A","#N/A","#N/A","#N/A",Account2,"#N/A","#N/A","#N/A","#N/A","#N/A","#N/A",false,false,"#N/A",Never,false,true,"#N/A","#N/A",Same,No,"#N/A","#N/A","#N/A","#N/A","#N/A","#N/A","#N/A","#N/A","#N/A","#N/A","#N/A",A,"#N/A","#N/A","#N/A","#N/A","#N/A","#N/A","#N/A"
d4c0c522-b9a4-4d4b-9d4a-e75c8fa16aa5,"#N/A",A,"#N/A","#N/A","#N/A","#N/A","#N/A","#N/A","#N/A","#N/A","#N/A","#N/A","#N/A","#N/A","#N/A","#N/A","#N/A","#N/A","#N/A",Account X,"#N/A","#N/A","#N/A","#N/A","#N/A","#N/A",false,false,"#N/A",Never,false,true,"#N/A","#N/A",Same,No,"#N/A","#N/A","#N/A","#N/A","#N/A","#N/A","#N/A","#N/A","#N/A","#N/A","#N/A",A,"#N/A","#N/A","#N/A","#N/A","#N/A","#N/A","#N/A"
d4d6697c-72c9-4aad-b16f-9106250c87e2,"#N/A",A,"#N/A","#N/A","#N/A","#N/A","#N/A","#N/A","#N/A","#N/A","#N/A","#N/A","#N/A","#N/A","#N/A","#N/A","#N/A","#N/A","#N/A",1,"#N/A","#N/A","#N/A","#N/A","#N/A","#N/A",false,false,"#N/A",Never,false,true,"#N/A","#N/A",Same,No,"#N/A","#N/A","#N/A","#N/A","#N/A","#N/A","#N/A","#N/A","#N/A","#N/A","#N/A",A,"#N/A","#N/A","#N/A","#N/A","#N/A","#N/A","#N/A"
d5414504-c22f-4e9d-8f27-3841d912f9f2,"#N/A",A,"#N/A","#N/A","#N/A","#N/A","#N/A","#N/A","#N/A","#N/A","#N/A","#N/A","#N/A","#N/A","#N/A","#N/A","#N/A","#N/A","#N/A",6666,"#N/A","#N/A","#N/A","#N/A","#N/A","#N/A",false,false,"#N/A",Never,false,true,"#N/A","#N/A",Same,No,"#N/A","#N/A","#N/A","#N/A","#N/A","#N/A","#N/A","#N/A","#N/A","#N/A","#N/A",A,"#N/A","#N/A","#N/A","#N/A","#N/A","#N/A","#N/A"
d55676ca-2eaa-4901-89d4-432897b87156,"#N/A",A,"#N/A","#N/A","#N/A","#N/A","#N/A","#N/A","#N/A","#N/A","#N/A","#N/A","#N/A","#N/A","#N/A","#N/A","#N/A","#N/A","#N/A",2,"#N/A","#N/A","#N/A","#N/A","#N/A","#N/A",false,false,"#N/A",Never,false,true,"#N/A","#N/A",Same,No,"#N/A","#N/A","#N/A","#N/A","#N/A","#N/A","#N/A","#N/A","#N/A","#N/A","#N/A",A,"#N/A","#N/A","#N/A","#N/A","#N/A","#N/A","#N/A"
d5c1cc3b-8e8d-41d3-a3d4-b9682d41fabd,"#N/A",A,"#N/A","#N/A","#N/A","#N/A","#N/A","#N/A","#N/A","#N/A","#N/A","#N/A","#N/A","#N/A","#N/A","#N/A","#N/A","#N/A","#N/A",prodly.tester@gmail.com,"#N/A","#N/A","#N/A","#N/A","#N/A","#N/A",false,false,"#N/A",Never,false,true,"#N/A","#N/A",Same,No,"#N/A","#N/A","#N/A","#N/A","#N/A","#N/A","#N/A","#N/A","#N/A","#N/A","#N/A",A,"#N/A","#N/A","#N/A","#N/A","#N/A","#N/A","#N/A"
db07c1ac-c9aa-49c6-b0b8-2b5289e26342,"#N/A",A,"#N/A","#N/A","#N/A","#N/A","#N/A","#N/A","#N/A","#N/A","#N/A","#N/A","#N/A","#N/A","#N/A","#N/A","#N/A","#N/A","#N/A",1,"#N/A","#N/A","#N/A","#N/A","#N/A","#N/A",false,false,"#N/A",Never,false,true,"#N/A","#N/A",Same,No,"#N/A","#N/A","#N/A","#N/A","#N/A","#N/A","#N/A","#N/A","#N/A","#N/A","#N/A",A,"#N/A","#N/A","#N/A","#N/A","#N/A","#N/A","#N/A"
dba457d8-a726-4f2f-a210-bb831e93f403,"#N/A",A,"#N/A","#N/A","#N/A","#N/A","#N/A","#N/A","#N/A","#N/A","#N/A","#N/A","#N/A","#N/A","#N/A","#N/A","#N/A","#N/A","#N/A",New11111,"#N/A","#N/A","#N/A","#N/A","#N/A","#N/A",false,false,"#N/A",Never,false,true,"#N/A","#N/A",Same,No,"#N/A","#N/A","#N/A","#N/A","#N/A","#N/A","#N/A","#N/A","#N/A","#N/A","#N/A",A,"#N/A","#N/A","#N/A","#N/A","#N/A","#N/A","#N/A"
ddbfdee2-86da-411b-aac1-cd69b6b5d5fa,"#N/A",A,"#N/A","#N/A","#N/A","#N/A","#N/A","#N/A","#N/A","#N/A","#N/A","#N/A","#N/A","#N/A","#N/A","#N/A","#N/A","#N/A","#N/A",New234,"#N/A","#N/A","#N/A","#N/A","#N/A","#N/A",false,false,"#N/A",Never,false,true,"#N/A","#N/A",Same,No,"#N/A","#N/A","#N/A","#N/A","#N/A","#N/A","#N/A","#N/A","#N/A","#N/A","#N/A",A,"#N/A","#N/A","#N/A","#N/A","#N/A","#N/A","#N/A"
de53f008-4ef5-4a4f-9882-84de06b40c84,"#N/A",A,"#N/A","#N/A","#N/A","#N/A","#N/A","#N/A","#N/A","#N/A","#N/A","#N/A","#N/A","#N/A","#N/A","#N/A","#N/A","#N/A","#N/A",New 5,"#N/A","#N/A","#N/A","#N/A","#N/A","#N/A",false,false,"#N/A",Never,false,true,"#N/A","#N/A",Same,No,"#N/A","#N/A","#N/A","#N/A","#N/A","#N/A","#N/A","#N/A","#N/A","#N/A","#N/A",A,"#N/A","#N/A","#N/A","#N/A","#N/A","#N/A","#N/A"
e186bd98-c3cb-41a7-94b9-4c0793d29c7c,"#N/A",A,"#N/A","#N/A","#N/A","#N/A","#N/A","#N/A","#N/A","#N/A","#N/A","#N/A","#N/A","#N/A","#N/A","#N/A","#N/A","#N/A","#N/A",Account 3,"#N/A","#N/A","#N/A","#N/A","#N/A","#N/A",false,false,"#N/A",Never,false,true,"#N/A","#N/A",Same,No,"#N/A","#N/A","#N/A","#N/A","#N/A","#N/A","#N/A","#N/A","#N/A","#N/A","#N/A",A,"#N/A","#N/A","#N/A","#N/A","#N/A","#N/A","#N/A"
e2919c71-10ec-4ed9-82c0-41686242745c,"#N/A",A,"#N/A","#N/A","#N/A","#N/A","#N/A","#N/A","#N/A","#N/A","#N/A","#N/A","#N/A","#N/A","#N/A","#N/A","#N/A","#N/A","#N/A",6666,"#N/A","#N/A","#N/A","#N/A","#N/A","#N/A",false,false,"#N/A",Never,false,true,"#N/A","#N/A",Same,No,"#N/A","#N/A","#N/A","#N/A","#N/A","#N/A","#N/A","#N/A","#N/A","#N/A","#N/A",A,"#N/A","#N/A","#N/A","#N/A","#N/A","#N/A","#N/A"
e593aae4-bb4d-4241-91d2-b4b5e2675b16,"#N/A",A,"#N/A","#N/A","#N/A","#N/A","#N/A","#N/A","#N/A","#N/A","#N/A","#N/A","#N/A","#N/A","#N/A","#N/A","#N/A","#N/A","#N/A",New 4,"#N/A","#N/A","#N/A","#N/A","#N/A","#N/A",false,false,"#N/A",Never,false,true,"#N/A","#N/A",Same,No,"#N/A","#N/A","#N/A","#N/A","#N/A","#N/A","#N/A","#N/A","#N/A","#N/A","#N/A",A,"#N/A","#N/A","#N/A","#N/A","#N/A","#N/A","#N/A"
e5d54cca-5d59-43ff-a520-160c23c73aed,"#N/A",A,"#N/A","#N/A","#N/A","#N/A","#N/A","#N/A","#N/A","#N/A","#N/A","#N/A","#N/A","#N/A","#N/A","#N/A","#N/A","#N/A","#N/A",6666,"#N/A","#N/A","#N/A","#N/A","#N/A","#N/A",false,false,"#N/A",Never,false,true,"#N/A","#N/A",Same,No,"#N/A","#N/A","#N/A","#N/A","#N/A","#N/A","#N/A","#N/A","#N/A","#N/A","#N/A",A,"#N/A","#N/A","#N/A","#N/A","#N/A","#N/A","#N/A"
e8bb1a57-fc56-45cf-befc-f873cda98df6,"#N/A",A,"#N/A","#N/A","#N/A","#N/A","#N/A","#N/A","#N/A","#N/A","#N/A","#N/A","#N/A","#N/A","#N/A","#N/A","#N/A","#N/A","#N/A",Account X,"#N/A","#N/A","#N/A","#N/A","#N/A","#N/A",false,false,"#N/A",Never,false,true,"#N/A","#N/A",Same,No,"#N/A","#N/A","#N/A","#N/A","#N/A","#N/A","#N/A","#N/A","#N/A","#N/A","#N/A",A,"#N/A","#N/A","#N/A","#N/A","#N/A","#N/A","#N/A"
ef6fb99e-13ab-4d05-94bf-53b2e01e8308,"#N/A",A,"#N/A","#N/A","#N/A","#N/A","#N/A","#N/A","#N/A","#N/A","#N/A","#N/A","#N/A","#N/A","#N/A","#N/A","#N/A","#N/A","#N/A",New 5,"#N/A","#N/A","#N/A","#N/A","#N/A","#N/A",false,false,"#N/A",Never,false,true,"#N/A","#N/A",Same,No,"#N/A","#N/A","#N/A","#N/A","#N/A","#N/A","#N/A","#N/A","#N/A","#N/A","#N/A",A,"#N/A","#N/A","#N/A","#N/A","#N/A","#N/A","#N/A"
ef86da79-ca87-4331-b3b3-e1790dfa3188,"#N/A",A,"#N/A","#N/A","#N/A","#N/A","#N/A","#N/A","#N/A","#N/A","#N/A","#N/A","#N/A","#N/A","#N/A","#N/A","#N/A","#N/A","#N/A",Account update,"#N/A","#N/A","#N/A","#N/A","#N/A","#N/A",false,false,"#N/A",Never,false,true,"#N/A","#N/A",Same,No,"#N/A","#N/A","#N/A","#N/A","#N/A","#N/A","#N/A","#N/A","#N/A","#N/A","#N/A",A,"#N/A","#N/A","#N/A","#N/A",Account 2,"#N/A","#N/A"
ef977eb7-5712-4017-9ad3-8db6f6ca3e85,"#N/A",A,"#N/A","#N/A","#N/A","#N/A","#N/A","#N/A","#N/A","#N/A","#N/A","#N/A","#N/A","#N/A","#N/A","#N/A","#N/A","#N/A","#N/A",6666,"#N/A","#N/A","#N/A","#N/A","#N/A","#N/A",false,false,"#N/A",Never,false,true,"#N/A","#N/A",Same,No,"#N/A","#N/A","#N/A","#N/A","#N/A","#N/A","#N/A","#N/A","#N/A","#N/A","#N/A",A,"#N/A","#N/A","#N/A","#N/A","#N/A","#N/A","#N/A"
f30ff114-42f6-48cd-9672-4ad26a1c6451,"#N/A",A,"#N/A","#N/A","#N/A","#N/A","#N/A","#N/A","#N/A","#N/A","#N/A","#N/A","#N/A","#N/A","#N/A",hi,"#N/A","#N/A","#N/A",Test account new1,"#N/A","#N/A","#N/A","#N/A","#N/A","#N/A",false,false,"#N/A",Never,false,true,"#N/A","#N/A",Same,No,"#N/A","#N/A","#N/A","#N/A","#N/A","#N/A","#N/A","#N/A","#N/A","#N/A","#N/A",A,"#N/A","#N/A",Test pvt ltd,"#N/A","#N/A","#N/A","#N/A"
f36b889d-0a76-4218-8cca-3311b584afea,"#N/A",A,"#N/A","#N/A","#N/A","#N/A","#N/A","#N/A","#N/A","#N/A","#N/A","#N/A","#N/A","#N/A","#N/A","#N/A","#N/A","#N/A","#N/A",New234,"#N/A","#N/A","#N/A","#N/A","#N/A","#N/A",false,false,"#N/A",Never,false,true,"#N/A","#N/A",Same,No,"#N/A","#N/A","#N/A","#N/A","#N/A","#N/A","#N/A","#N/A","#N/A","#N/A","#N/A",A,"#N/A","#N/A","#N/A","#N/A","#N/A","#N/A","#N/A"
f4705606-b9ca-4883-97e4-d36239679943,"#N/A",A,"#N/A","#N/A","#N/A","#N/A","#N/A","#N/A","#N/A","#N/A","#N/A","#N/A","#N/A","#N/A","#N/A","#N/A","#N/A","#N/A","#N/A",Account update,"#N/A","#N/A","#N/A","#N/A","#N/A","#N/A",false,false,"#N/A",Never,false,true,"#N/A","#N/A",Same,No,"#N/A","#N/A","#N/A","#N/A","#N/A","#N/A","#N/A","#N/A","#N/A","#N/A","#N/A",A,"#N/A","#N/A","#N/A","#N/A",Account 2,"#N/A","#N/A"
fbd71540-a0a8-4c23-accc-db30d38e12ed,"#N/A",A,"#N/A","#N/A","#N/A","#N/A","#N/A","#N/A","#N/A","#N/A","#N/A","#N/A","#N/A","#N/A","#N/A","#N/A","#N/A","#N/A","#N/A",Account X,"#N/A","#N/A","#N/A","#N/A","#N/A","#N/A",false,false,"#N/A",Never,false,true,"#N/A","#N/A",Same,No,"#N/A","#N/A","#N/A","#N/A","#N/A","#N/A","#N/A","#N/A","#N/A","#N/A","#N/A",A,"#N/A","#N/A","#N/A","#N/A","#N/A","#N/A","#N/A"
fcefd9a8-eded-4cc2-ac2b-413a35fdce52,"#N/A",A,"#N/A","#N/A","#N/A","#N/A","#N/A","#N/A","#N/A","#N/A","#N/A","#N/A","#N/A","#N/A","#N/A","#N/A","#N/A","#N/A","#N/A",6666,"#N/A","#N/A","#N/A","#N/A","#N/A","#N/A",false,false,"#N/A",Never,false,true,"#N/A","#N/A",Same,No,"#N/A","#N/A","#N/A","#N/A","#N/A","#N/A","#N/A","#N/A","#N/A","#N/A","#N/A",A,"#N/A","#N/A","#N/A","#N/A","#N/A","#N/A","#N/A"
fe0367a6-7a22-4e86-81fc-65b0c92f2e5d,"#N/A",A,"#N/A","#N/A","#N/A","#N/A","#N/A","#N/A","#N/A","#N/A","#N/A","#N/A","#N/A","#N/A","#N/A","#N/A","#N/A","#N/A","#N/A",77777,"#N/A","#N/A","#N/A","#N/A","#N/A","#N/A",false,false,"#N/A",Never,false,true,"#N/A","#N/A",Same,No,"#N/A","#N/A","#N/A","#N/A","#N/A","#N/A","#N/A","#N/A","#N/A","#N/A","#N/A",A,"#N/A","#N/A","#N/A","#N/A","#N/A","#N/A","#N/A"
fea6420c-e736-45eb-b800-7ad39af80d20,"#N/A",A,"#N/A","#N/A","#N/A","#N/A","#N/A","#N/A","#N/A","#N/A","#N/A","#N/A","#N/A","#N/A","#N/A","#N/A","#N/A","#N/A","#N/A",123,"#N/A","#N/A","#N/A","#N/A","#N/A","#N/A",false,false,"#N/A",Never,false,true,"#N/A","#N/A",Same,No,"#N/A","#N/A","#N/A","#N/A","#N/A","#N/A","#N/A","#N/A","#N/A","#N/A","#N/A",A,"#N/A","#N/A","#N/A","#N/A","#N/A","#N/A","#N/A"
