"Guid","AccountId","AssistantName","AssistantPhone","Birthdate","ContactNumber__c","Contact__c","Department","Description","Email","EmailBouncedReason","Fax","FirstName","HomePhone","Jigsaw","LastName","LeadSource","MailingCity","MailingCountry","MailingGeocodeAccuracy","MailingLatitude","MailingLongitude","MailingPostalCode","MailingState","MailingStreet","MobilePhone","OtherCity","OtherCountry","OtherGeocodeAccuracy","OtherLatitude","OtherLongitude","OtherPhone","OtherPostalCode","OtherState","OtherStreet","Phone","ReportsToId","Salutation","Textfield__c","Title"
09e0ed1d-2ceb-480c-ac9a-2643a9e9024a,fbd71540-a0a8-4c23-accc-db30d38e12ed,"#N/A","#N/A","#N/A","#N/A","#N/A","#N/A","#N/A","#N/A","#N/A","#N/A",PErson,"#N/A","#N/A",X,"#N/A","#N/A","#N/A","#N/A","#N/A","#N/A","#N/A","#N/A","#N/A","#N/A","#N/A","#N/A","#N/A","#N/A","#N/A","#N/A","#N/A","#N/A","#N/A","#N/A","#N/A","#N/A","#N/A","#N/A"
0ce9c283-868a-4ada-aaf0-28fbbc56b1b2,19d13c4f-9ed2-4d7a-985f-30bd6d47e17b,"#N/A","#N/A","#N/A","#N/A","#N/A","#N/A","#N/A","#N/A","#N/A","#N/A",Maria,"#N/A","#N/A",Ioana,"#N/A","#N/A","#N/A","#N/A","#N/A","#N/A","#N/A","#N/A","#N/A","#N/A","#N/A","#N/A","#N/A","#N/A","#N/A","#N/A","#N/A","#N/A","#N/A","#N/A","#N/A",Ms.,"#N/A","#N/A"
10b527f8-b232-45e6-80e1-82cf04d7684a,92d1adaa-da26-45ed-8f9c-167291171093,"#N/A","#N/A","#N/A","#N/A","#N/A","#N/A","#N/A","#N/A","#N/A","#N/A",Maria,"#N/A","#N/A",Ioana,"#N/A","#N/A","#N/A","#N/A","#N/A","#N/A","#N/A","#N/A","#N/A","#N/A","#N/A","#N/A","#N/A","#N/A","#N/A","#N/A","#N/A","#N/A","#N/A","#N/A","#N/A",Ms.,"#N/A","#N/A"
21bfb48d-b9b9-4893-b9e9-27c891890184,7e9eb223-62a6-4598-9faf-f1e9a602df1b,"#N/A","#N/A","#N/A","#N/A","#N/A","#N/A","#N/A","#N/A","#N/A","#N/A",PErson,"#N/A","#N/A",X,"#N/A","#N/A","#N/A","#N/A","#N/A","#N/A","#N/A","#N/A","#N/A","#N/A","#N/A","#N/A","#N/A","#N/A","#N/A","#N/A","#N/A","#N/A","#N/A","#N/A","#N/A","#N/A","#N/A","#N/A"
3a2facee-7ed3-4b1e-9809-8347b0d3c8d8,a46a8b4b-8717-4c24-8234-610c0543a83f,"#N/A","#N/A","#N/A","#N/A","#N/A","#N/A","#N/A","#N/A","#N/A","#N/A",Person,"#N/A","#N/A",Y,"#N/A","#N/A","#N/A","#N/A","#N/A","#N/A","#N/A","#N/A","#N/A","#N/A","#N/A","#N/A","#N/A","#N/A","#N/A","#N/A","#N/A","#N/A","#N/A","#N/A","#N/A","#N/A","#N/A","#N/A"
3fba2944-808b-476d-b065-095c62c5ee6b,c7899f37-f23f-4c51-8f41-f7ada890142d,"#N/A","#N/A","#N/A","#N/A","#N/A","#N/A","#N/A","#N/A","#N/A","#N/A",Person,"#N/A","#N/A",Y,"#N/A","#N/A","#N/A","#N/A","#N/A","#N/A","#N/A","#N/A","#N/A","#N/A","#N/A","#N/A","#N/A","#N/A","#N/A","#N/A","#N/A","#N/A","#N/A","#N/A","#N/A","#N/A","#N/A","#N/A"
45e127a7-def1-4daa-b6ff-406bec1a00f2,3503f0b1-2652-4f79-923a-157045849534,"#N/A","#N/A","#N/A","#N/A","#N/A","#N/A","#N/A","#N/A","#N/A","#N/A",PErson,"#N/A","#N/A",X,"#N/A","#N/A","#N/A","#N/A","#N/A","#N/A","#N/A","#N/A","#N/A","#N/A","#N/A","#N/A","#N/A","#N/A","#N/A","#N/A","#N/A","#N/A","#N/A","#N/A","#N/A","#N/A","#N/A","#N/A"
5233f764-239c-44a4-9760-51cbedf9aacf,e8bb1a57-fc56-45cf-befc-f873cda98df6,"#N/A","#N/A","#N/A","#N/A","#N/A","#N/A","#N/A","#N/A","#N/A","#N/A",PErson,"#N/A","#N/A",X,"#N/A","#N/A","#N/A","#N/A","#N/A","#N/A","#N/A","#N/A","#N/A","#N/A","#N/A","#N/A","#N/A","#N/A","#N/A","#N/A","#N/A","#N/A","#N/A","#N/A","#N/A","#N/A","#N/A","#N/A"
532ce2c7-350c-4ca9-a0cf-952ed664f6c1,d4c0c522-b9a4-4d4b-9d4a-e75c8fa16aa5,"#N/A","#N/A","#N/A","#N/A","#N/A","#N/A","#N/A","#N/A","#N/A","#N/A",PErson,"#N/A","#N/A",X,"#N/A","#N/A","#N/A","#N/A","#N/A","#N/A","#N/A","#N/A","#N/A","#N/A","#N/A","#N/A","#N/A","#N/A","#N/A","#N/A","#N/A","#N/A","#N/A","#N/A","#N/A","#N/A","#N/A","#N/A"
61eb2039-8df2-492d-9dfb-32cc1993b3de,cd7d5ee1-5451-40c4-ae3e-e67b3c248a30,"#N/A","#N/A","#N/A","#N/A","#N/A","#N/A","#N/A","#N/A","#N/A","#N/A",PErson,"#N/A","#N/A",X,"#N/A","#N/A","#N/A","#N/A","#N/A","#N/A","#N/A","#N/A","#N/A","#N/A","#N/A","#N/A","#N/A","#N/A","#N/A","#N/A","#N/A","#N/A","#N/A","#N/A","#N/A","#N/A","#N/A","#N/A"
7cc3e0f9-4f65-415d-ab30-0cea92eaa79a,47b1be48-a800-4e12-9ea1-6b77ac556fdc,"#N/A","#N/A","#N/A","#N/A","#N/A","#N/A","#N/A","#N/A","#N/A","#N/A",Person,"#N/A","#N/A",Y,"#N/A","#N/A","#N/A","#N/A","#N/A","#N/A","#N/A","#N/A","#N/A","#N/A","#N/A","#N/A","#N/A","#N/A","#N/A","#N/A","#N/A","#N/A","#N/A","#N/A","#N/A","#N/A","#N/A","#N/A"
81f24516-95dd-4afb-a426-87d2085402d8,01c70e94-85ba-4d61-82ca-8aa2e905369d,"#N/A","#N/A","#N/A","#N/A","#N/A","#N/A","#N/A","#N/A","#N/A","#N/A",PErson,"#N/A","#N/A",X,"#N/A","#N/A","#N/A","#N/A","#N/A","#N/A","#N/A","#N/A","#N/A","#N/A","#N/A","#N/A","#N/A","#N/A","#N/A","#N/A","#N/A","#N/A","#N/A","#N/A","#N/A","#N/A","#N/A","#N/A"
8a2d8cc6-d4d6-4fb9-8493-c5ae1e85608e,8955def0-a33f-4405-b4a3-a8d779b34df8,"#N/A","#N/A","#N/A","#N/A","#N/A","#N/A","#N/A","#N/A","#N/A","#N/A",Maria,"#N/A","#N/A",Ioana,"#N/A","#N/A","#N/A","#N/A","#N/A","#N/A","#N/A","#N/A","#N/A","#N/A","#N/A","#N/A","#N/A","#N/A","#N/A","#N/A","#N/A","#N/A","#N/A","#N/A","#N/A",Ms.,"#N/A","#N/A"
9ea230e1-220c-43d8-8764-bd937908069e,26cf3ad0-ef76-4e7c-b1f8-dc6e1b82b54c,"#N/A","#N/A","#N/A","#N/A","#N/A","#N/A","#N/A","#N/A","#N/A","#N/A",Person,"#N/A","#N/A",Y,"#N/A","#N/A","#N/A","#N/A","#N/A","#N/A","#N/A","#N/A","#N/A","#N/A","#N/A","#N/A","#N/A","#N/A","#N/A","#N/A","#N/A","#N/A","#N/A","#N/A","#N/A","#N/A","#N/A","#N/A"
a1ab7a74-1d99-4e23-be90-7cd7a2733b4d,ef86da79-ca87-4331-b3b3-e1790dfa3188,"#N/A","#N/A","#N/A","#N/A","#N/A","#N/A","#N/A","#N/A","#N/A","#N/A",Maria,"#N/A","#N/A",Ioana,"#N/A","#N/A","#N/A","#N/A","#N/A","#N/A","#N/A","#N/A","#N/A","#N/A","#N/A","#N/A","#N/A","#N/A","#N/A","#N/A","#N/A","#N/A","#N/A","#N/A","#N/A",Ms.,"#N/A","#N/A"
b1b8233b-8dee-4bf4-8f99-da5672857af3,f4705606-b9ca-4883-97e4-d36239679943,"#N/A","#N/A","#N/A","#N/A","#N/A","#N/A","#N/A","#N/A","#N/A","#N/A",Maria,"#N/A","#N/A",Ioana,"#N/A","#N/A","#N/A","#N/A","#N/A","#N/A","#N/A","#N/A","#N/A","#N/A","#N/A","#N/A","#N/A","#N/A","#N/A","#N/A","#N/A","#N/A","#N/A","#N/A","#N/A",Ms.,"#N/A","#N/A"
b931dc9d-d2b6-47ce-aefd-9c93a8cd6aef,086fe3f2-5f03-47d5-af84-c636dffa5c2b,"#N/A","#N/A","#N/A","#N/A","#N/A","#N/A","#N/A","#N/A","#N/A","#N/A",Maria,"#N/A","#N/A",Ioana,"#N/A","#N/A","#N/A","#N/A","#N/A","#N/A","#N/A","#N/A","#N/A","#N/A","#N/A","#N/A","#N/A","#N/A","#N/A","#N/A","#N/A","#N/A","#N/A","#N/A","#N/A",Ms.,"#N/A","#N/A"
bc68522b-a275-4336-a8b9-2e50a3d21fce,c38166a3-404c-4e47-bc81-2a6031ac7359,"#N/A","#N/A","#N/A","#N/A","#N/A","#N/A","#N/A","#N/A","#N/A","#N/A",Maria,"#N/A","#N/A",Ioana,"#N/A","#N/A","#N/A","#N/A","#N/A","#N/A","#N/A","#N/A","#N/A","#N/A","#N/A","#N/A","#N/A","#N/A","#N/A","#N/A","#N/A","#N/A","#N/A","#N/A","#N/A",Ms.,"#N/A","#N/A"
c4d6ae92-c423-4a45-9f55-0b350bfad5d4,8cf19d0e-bb18-4237-a1da-e4a4ba47c6ab,"#N/A","#N/A","#N/A","#N/A","#N/A","#N/A","#N/A","#N/A","#N/A","#N/A",Person,"#N/A","#N/A",Y,"#N/A","#N/A","#N/A","#N/A","#N/A","#N/A","#N/A","#N/A","#N/A","#N/A","#N/A","#N/A","#N/A","#N/A","#N/A","#N/A","#N/A","#N/A","#N/A","#N/A","#N/A","#N/A","#N/A","#N/A"
cb9ba3e6-522f-4a6d-8d7e-09940f0e6207,5ecd6c5a-202c-4f0d-b02d-b49959b8ba66,"#N/A","#N/A","#N/A","#N/A","#N/A","#N/A","#N/A","#N/A","#N/A","#N/A",Person,"#N/A","#N/A",Y,"#N/A","#N/A","#N/A","#N/A","#N/A","#N/A","#N/A","#N/A","#N/A","#N/A","#N/A","#N/A","#N/A","#N/A","#N/A","#N/A","#N/A","#N/A","#N/A","#N/A","#N/A","#N/A","#N/A","#N/A"
e848adbd-6082-4bc1-ac06-50290a95b204,ad7d2bdd-dc5e-4fcb-b300-5e8ffaed571b,"#N/A","#N/A","#N/A","#N/A","#N/A","#N/A","#N/A","#N/A","#N/A","#N/A",Person,"#N/A","#N/A",Y,"#N/A","#N/A","#N/A","#N/A","#N/A","#N/A","#N/A","#N/A","#N/A","#N/A","#N/A","#N/A","#N/A","#N/A","#N/A","#N/A","#N/A","#N/A","#N/A","#N/A","#N/A","#N/A","#N/A","#N/A"
